Suburb,Postcode,HouseMedian$,UpdatedYr,UpdateMonth,,,
Albion Park,2527,525000,2016,6,,,2527
Albion Park Rail,2527,525000,2016,6,,,2527
Badgerys Creek,2555,695000,2016,6,,,2555
Barrack Heights,2528,525000,2016,6,,,2528
Barrack Point,2528,525000,2016,6,,,2528
Belimbla Park,2281,680000,2016,6,,,2570
Belmont,2030,471000,2016,6,,,2280
Bickley Vale,2282,700000,2016,6,,,2570
Bilpin,2100,635000,2016,6,,,2758
Blackbutt,2316,525000,2016,6,,,2529
Blaxlands Ridge,2758,635000,2016,6,,,2758
Brownlow Hill,2570,680000,2016,6,,,2570
Camden,2570,700000,2016,6,,,2570
Camden Park,2570,680000,2016,6,,,2570
Camden South,2570,700000,2016,6,,,2570
Cardiff,2285,471000,2016,6,,,2285
Carlton,2218,880000,2016,6,,,2218
Catherine Hill Bay,2281,471000,2016,6,,,2281
Caves Beach,2281,471000,2016,6,,,2281
Cawdor,2570,680000,2016,6,,,2570
Charlestown,2290,471000,2016,6,,,2290
Clovelly,2031,1100000,2016,6,,,2031
Cobbitty,2570,700000,2016,6,,,2570
Couridjah,2571,680000,2016,6,,,2571
Croom,2527,525000,2016,6,,,2527
Dunmore,2529,525000,2016,6,,,2529
East Kurrajong,2758,635000,2016,6,,,2758
Elderslie,2570,700000,2016,6,,,2335
Ellis Lane,2570,700000,2016,6,,,2570
Fern Bay,2295,449000,2016,6,,,2295
Flinders,2529,525000,2016,6,,,2529
Glen Oak,2320,449000,2016,6,,,2320
Glendale,2285,471000,2016,6,,,2285
Glenmore,2570,680000,2016,6,,,2570
Grasmere,2570,700000,2016,6,,,2570
Hinton,2321,449000,2016,6,,,2321
Kingsgrove,2208,760000,2016,6,,,1480
Kirkham,2570,700000,2016,6,,,2570
Kurrajong,2758,635000,2016,6,,,2758
Kurrajong Heights,2758,635000,2016,6,,,2758
Kurrajong Hills,2758,635000,2016,6,,,2758
Lake Illawarra,2528,525000,2016,6,,,2528
Leets Vale,2775,1089000,2016,6,,,2775
Maldon,2571,680000,2016,6,,,2571
Mount Hunter,2570,680000,2016,6,,,2570
Mount Hutton,2290,471000,2016,6,,,2290
Mount Pritchard,2170,700000,2016,6,,,2170
Mount Warrigal,2528,525000,2016,6,,,2528
Mountain Lagoon,2758,635000,2016,6,,,2758
Mowbray Park,2571,680000,2016,6,,,2571
Mulbring,2323,316000,2016,6,,,2323
Nattai,2570,680000,2016,6,,,2570
North Macquarie,2527,525000,2016,6,,,2527
Oakdale,2570,680000,2016,6,,,2570
Oran Park,2570,700000,2016,6,,,2570
Orangeville,2570,680000,2016,6,,,2570
Picton,2571,680000,2016,6,,,2571
Prospect,2148,632000,2016,6,,,2148
Razorback,2571,680000,2016,6,,,2571
Redhead,2290,471000,2016,6,,,2290
Riverstone,2765,632000,2016,6,,,2765
Rose Bay,2029,1200000,2016,6,,,2029
Rouse Hill,2155,1089000,2016,6,,,2155
Shell Cove,2529,525000,2016,6,,,2529
Shellharbour,2529,525000,2016,6,,,2529
Shellharbour City Centre,2529,525000,2016,6,,,2529
Spring Farm,2570,700000,2016,6,,,2570
St Leonards,2065,1050000,2016,6,,,1590
St Marys,2760,589000,2016,6,,,1790
Swansea,2281,471000,2016,6,,,2281
The Devils Wilderness,2758,578000,2016,6,,,2758
The Oaks,2570,680000,2016,6,,,2570
Theresa Park,2570,680000,2016,6,,,2570
Tongarra,2527,525000,2016,6,,,2527
Toongabbie,2146,708000,2016,6,,,2146
Toronto,2283,471000,2016,6,,,2283
Tullimbar,2527,525000,2016,6,,,2527
Vaucluse,2030,1200000,2016,6,,,2030
Vineyard,2765,632000,2016,6,,,#N/A
Wallalong,2320,449000,2016,6,,,2320
Warilla,2528,525000,2016,6,,,2528
Warners Bay,2282,471000,2016,6,,,2282
Werombi,2570,680000,2016,6,,,2570
Wilton,2571,680000,2016,6,,,2571
Winston Hills,2153,720000,2016,6,,,2153
Wisemans Ferry,2775,635000,2016,6,,,2775
Yallah,2530,595000,2016,6,,,2530
Agnes Banks,2753,612000,2016,6,,,2753
Annandale,2038,1127000,2016,6,,,2038
Baulkham Hills,2153,904500,2016,6,,,1755
Berambing,2758,606500,2016,6,,,2758
Butterwick,2321,433000,2016,6,,,2321
Buxton,2571,629000,2016,6,,,2571
Calderwood,2527,560000,2016,6,,,2527
Camperdown,2050,957500,2016,6,,,1450
Cattai,2756,862000,2016,6,,,2756
Cecil Park,2178,697500,2016,6,,,2178
Central Mangrove,2250,540000,2016,6,,,2250
Chatswood West,2067,1253000,2016,6,,,2067
Chester Hill,2162,764000,2016,6,,,2162
Denham Court,2565,620000,2016,6,,,2565
Duns Creek,2321,433000,2016,6,,,2321
Holroyd,2142,714000,2016,6,,,2142
Ingleside,2101,1213000,2016,6,,,2101
Kemps Creek,2178,642000,2016,6,,,2178
Kulnura,2250,540000,2016,6,,,2250
Lane Cove North,2066,1160500,2016,6,,,2066
Leppington,2179,697500,2016,6,,,2179
Lidcombe,2141,714000,2016,6,,,2141
Lower Portland,2756,862000,2016,6,,,2756
Luddenham,2745,642000,2016,6,,,2745
Maraylya,2765,862000,2016,6,,,2765
Mays Hill,2145,714000,2016,6,,,2145
Narrabeen,2101,1213000,2016,6,,,2101
Narwee,2209,736500,2016,6,,,2209
Newtown,2042,957500,2016,6,,,2042
North Rocks,2151,904500,2016,6,,,2151
Oak Flats,2529,560000,2016,6,,,2529
Paddington,2021,1319500,2016,6,,,2021
Pendle Hill,2145,714000,2016,6,,,2145
Regents Park,2143,764000,2016,6,,,2143
Riverwood,2210,736500,2016,6,,,2210
Rosebery,2018,895500,2016,6,,,1445
Roseville,2069,1543000,2016,6,,,2069
Smithfield,2164,704000,2016,6,,,2164
Sydney Olympic Park,2127,714000,2016,6,,,#N/A
Villawood,2163,760000,2016,6,,,2163
Wallacia,2745,642000,2016,6,,,2745
Wentworthville,2145,714000,2016,6,,,2145
Westmead,2145,714000,2016,6,,,2145
Woodville,2321,433000,2016,6,,,2321
Yellow Rock,2527,560000,2016,6,,,2527
Yennora,2161,704000,2016,6,,,2161
Homebush West,2140,715000,2016,6,,,2140
Oatley,2223,773000,2016,6,,,2223
Abbotsbury,2176,700000,2016,6,,,2176
Abbotsford,2046,1006000,2016,6,,,2046
Aberdare,2325,316000,2016,6,,,2325
Aberglasslyn,2320,417000,2016,6,,,2320
Abermain,2326,316000,2016,6,,,2326
Acacia Gardens,2763,632000,2016,6,,,2763
Adamstown,2289,491000,2016,6,,,2289
Adamstown Heights,2289,491000,2016,6,,,2289
Airds,2560,545000,2016,6,,,2560
Akuna Bay,2084,1391000,2016,6,,,#N/A
Alexandria,2015,930000,2016,6,,,1435
Alfords Point,2234,900000,2016,6,,,2234
Alison,2259,480000,2016,6,,,2259
Allambie Heights,2100,1035000,2016,6,,,2100
Allandale,2320,417000,2016,6,,,2320
Allawah,2218,880000,2016,6,,,2218
Ambarvale,2560,545000,2016,6,,,2560
Anambah,2320,417000,2016,6,,,2320
Anna Bay,2316,449000,2016,6,,,2316
Annangrove,2156,1089000,2016,6,,,2156
Appin,2560,680000,2016,6,,,2560
Arcadia Vale,2283,491000,2016,6,,,2283
Argenton,2284,491000,2016,6,,,2284
Arncliffe,2205,760000,2016,6,,,2205
Arndell Park,2148,632000,2016,6,,,2148
Artarman Industrial Area,#N/A,1486000,2016,6,,,#N/A
Artarmon,2064,1486000,2016,6,,,1570
Ashbury,2193,700000,2016,6,,,2193
Ashcroft,2168,695000,2016,6,,,2168
Ashfield,2131,825000,2016,6,,,1800
Ashtonfield,2323,417000,2016,6,,,2323
Auburn,2144,708000,2016,6,,,1835
Austinmer,2515,595000,2016,6,,,2515
Austral,2179,695000,2016,6,,,2179
Avalon Beach,2107,1391000,2016,6,,,2107
Avalon North,#N/A,1391000,2016,6,,,#N/A
Avoca Beach,2251,600000,2016,6,,,2251
Avondale,2530,595000,2016,6,,,2530
Awaba,2283,491000,2016,6,,,2283
Balgowlah,2093,1673000,2016,6,,,2093
Balgowlah Heights,2093,1673000,2016,6,,,2093
Balgownie,2519,595000,2016,6,,,2519
Balickera,2324,449000,2016,6,,,2324
Balmain,2041,1324000,2016,6,,,2041
Balmain East,2041,1324000,2016,6,,,2041
Balmoral,2283,491000,2016,6,,,2283
Balmoral,2571,578000,2016,6,,,2283
Bangor,1836,900000,2016,6,,,2234
Banksia,2216,760000,2016,6,,,2216
Banksmeadow,2019,861000,2016,6,,,2019
Bankstown,1795,820000,2016,6,,,1885
Bankstown Aerodrome,2200,820000,2016,6,,,2200
Bar Beach,2300,491000,2016,6,,,2300
Bar Point,2083,600000,2016,6,,,2083
Barangaroo,2000,930000,2016,6,,,#N/A
Barden Ridge,2234,900000,2016,6,,,2234
Bardwell Park,2207,760000,2016,6,,,2207
Bardwell Valley,2207,760000,2016,6,,,2207
Bargo,2574,680000,2016,6,,,2574
Bargo River,2573,680000,2016,6,,,#N/A
Barren Grounds,2577,688000,2016,6,,,2577
Barrenjoey,#N/A,1391000,2016,6,,,#N/A
Bass Hill,2197,820000,2016,6,,,2197
Bateau Bay,2261,480000,2016,6,,,2261
Bayview,2104,1391000,2016,6,,,2104
Beacon Hill,2100,1035000,2016,6,,,2100
Beaconsfield,2015,930000,2016,6,,,2015
Beaumont Hills,2155,1089000,2016,6,,,2155
Beecroft,2119,720000,2016,6,,,2119
Belfield,2191,700000,2016,6,,,2191
Bell,2786,578000,2016,6,,,2786
Bella Vista,2153,1089000,2016,6,,,2153
Bellambi,2518,595000,2016,6,,,2518
Bellbird,2325,316000,2016,6,,,2325
Bellevue Hill,2023,1709000,2016,6,,,2023
Belmont North,2280,491000,2016,6,,,2280
Belmont South,2280,491000,2016,6,,,2280
Belmore,2192,700000,2016,6,,,2192
Belrose,2085,1035000,2016,6,,,2085
Bennetts Green,2290,491000,2016,6,,,2290
Bensville,2251,600000,2016,6,,,2251
Berala,2141,708000,2016,6,,,2141
Berkeley,2506,595000,2016,6,,,2506
Berkeley Vale,2261,480000,2016,6,,,2261
Berkshire Park,2765,589000,2016,6,,,2765
Berry Park,2321,417000,2016,6,,,2321
Beverley Park,2217,880000,2016,6,,,2217
Beverly Hills,2209,773000,2016,6,,,2209
Bexley,2207,760000,2016,6,,,2207
Bexley North,2207,760000,2016,6,,,2207
Bidwill,2770,632000,2016,6,,,2770
Bilgola Beach,2107,1391000,2016,6,,,#N/A
Bilgola Plateau,2107,1391000,2016,6,,,#N/A
Birchgrove,2041,1324000,2016,6,,,2041
Birmingham Gardens,2287,491000,2016,6,,,2287
Birrong,2143,820000,2016,6,,,2143
Black Springs,2787,578000,2016,6,,,2787
Blackalls Park,2283,491000,2016,6,,,2283
Blackett,2770,632000,2016,6,,,2770
Blackheath,2785,578000,2016,6,,,2785
Blacksmiths,2281,491000,2016,6,,,2281
Blacksmiths Beach,#N/A,471000,2016,6,,,#N/A
Blacktown,1821,632000,2016,6,,,2148
Blackwall,2256,600000,2016,6,,,2256
Blair Athol,2560,545000,2016,6,,,2560
Blairmount,2559,545000,2016,6,,,2559
Blakehurst,2221,880000,2016,6,,,2221
Bligh Park,2756,635000,2016,6,,,2756
Blue Bay,2261,480000,2016,6,,,2261
Blue Haven,2262,480000,2016,6,,,2262
Boat Harbour,2316,449000,2016,6,,,2316
Bobs Farm,2316,449000,2016,6,,,2316
Bolton Point,2283,491000,2016,6,,,2283
Bolwarra,2320,417000,2016,6,,,2320
Bolwarra Heights,2320,417000,2016,6,,,2320
Bombo,2533,688000,2016,6,,,2533
Bondi,2026,1200000,2016,6,,,2026
Bondi Beach,2026,1200000,2016,6,,,2026
Bondi Junction,2022,1200000,2016,6,,,1355
Bondi North,2026,1200000,2016,6,,,#N/A
Bonnet Bay,2226,900000,2016,6,,,2226
Bonnyrigg,2177,700000,2016,6,,,2177
Bonnyrigg Heights,2177,700000,2016,6,,,2177
Booker Bay,2257,600000,2016,6,,,2257
Boolaroo,2284,491000,2016,6,,,2284
Booragul,2284,491000,2016,6,,,2284
Bossley Park,2176,700000,2016,6,,,2176
Botany,2019,861000,2016,6,,,1455
Botany Bay,#N/A,861000,2016,6,,,#N/A
Bouddi,2251,600000,2016,6,,,2251
Bow Bowing,2566,545000,2016,6,,,2566
Bowen Mountain,2753,635000,2016,6,,,2753
Box Head,2257,600000,2016,6,,,2257
Box Hill,2765,1089000,2016,6,,,2765
Bradbury,2560,545000,2016,6,,,2560
Brandy Hill,2324,449000,2016,6,,,2324
Branxton,2335,316000,2016,6,,,2335
Breakfast Point,2137,1006000,2016,6,,,2137
Brighton-Le-Sands,2216,760000,2016,6,,,2216
Bringelly,2556,695000,2016,6,,,2556
Broadmeadow,2292,491000,2016,6,,,2292
Brogers Creek,2535,688000,2016,6,,,2535
Bronte,2024,1200000,2016,6,,,2024
Brookvale,2100,1035000,2016,6,,,2100
Broughton Village,2535,688000,2016,6,,,2535
Brownsville,2530,595000,2016,6,,,2530
Brunkerville,2323,417000,2016,6,,,2323
Buchanan,2323,417000,2016,6,,,2323
Bucketty,2250,635000,2016,6,,,2250
Budderoo,2535,688000,2016,6,,,2535
Budgewoi,2262,480000,2016,6,,,2262
Budgewoi Peninsula,2262,480000,2016,6,,,2262
Buff Point,2262,480000,2016,6,,,2262
Bulli,2516,595000,2016,6,,,2516
Bundeena,2230,900000,2016,6,,,2230
Bungan Beach,#N/A,1391000,2016,6,,,#N/A
Bungan Head,#N/A,1391000,2016,6,,,#N/A
Bungarribee,2767,632000,2016,6,,,#N/A
Burraneer,2230,900000,2016,6,,,2230
Burwood,1814,878000,2016,6,,,1805
Burwood Heights,2136,878000,2016,6,,,2136
Busby,2168,695000,2016,6,,,2168
Buttaba,2283,491000,2016,6,,,2283
Buttai,2323,417000,2016,6,,,2323
Cabarita,2137,1006000,2016,6,,,2137
Cabramatta,2166,700000,2016,6,,,2166
Cabramatta West,2166,700000,2016,6,,,2166
Caddens,2747,589000,2016,6,,,#N/A
Calga,2250,600000,2016,6,,,2250
Callaghan,2308,491000,2016,6,,,2308
Cambridge Gardens,2747,589000,2016,6,,,2747
Cambridge Park,2747,589000,2016,6,,,2747
Camellia,2142,720000,2016,6,,,2142
Cameron Park,2285,491000,2016,6,,,2285
Cammeray,2062,1050000,2016,6,,,2062
Campbelltown,2560,545000,2016,6,,,2560
Campsie,2194,700000,2016,6,,,2194
Campvale,2318,449000,2016,6,,,2318
Cams Wharf,2281,491000,2016,6,,,2281
Canada Bay,2046,1006000,2016,6,,,2046
Canley Heights,2166,700000,2016,6,,,2166
Canley Vale,2166,700000,2016,6,,,2166
Canterbury,2193,700000,2016,6,,,2193
Canton Beach,2263,480000,2016,6,,,2263
Cardiff Heights,2285,491000,2016,6,,,2285
Cardiff South,2285,491000,2016,6,,,2285
Careel Bay,2107,1391000,2016,6,,,2107
Careel Head,#N/A,1391000,2016,6,,,#N/A
Carey Bay,2283,491000,2016,6,,,2283
Caringbah,2229,900000,2016,6,,,1495
Caringbah South,2229,900000,2016,6,,,#N/A
Carlingford,2118,720000,2016,6,,,2118
Carnes Hill,2171,695000,2016,6,,,#N/A
Carramar,2163,700000,2016,6,,,2163
Carrington,2294,491000,2016,6,,,2294
Carrington Falls,2577,688000,2016,6,,,2577
Carss Park,2221,880000,2016,6,,,2221
Cartwright,2168,695000,2016,6,,,2168
Castle Cove,1858,1486000,2016,6,,,2069
Castle Hill,2154,1089000,2016,6,,,1765
Castlecrag,2068,1486000,2016,6,,,2068
Castlereagh,2749,589000,2016,6,,,2749
Casula,2170,695000,2016,6,,,2170
Cataract Dam,2560,680000,2016,6,,,#N/A
Catherine Field,2557,700000,2016,6,,,2557
Cecil Hills,2171,695000,2016,6,,,2171
Cedar Brush,2259,480000,2016,6,,,#N/A
Centennial Park,2021,1100000,2016,6,,,#N/A
Central Colo,2756,635000,2016,6,,,2756
Central Macdonald,2775,635000,2016,6,,,2775
Chain Valley Bay,2259,480000,2016,6,,,2259
Charmhaven,2263,480000,2016,6,,,2263
Chatham Valley,2787,578000,2016,6,,,2787
Chatswood,1876,1486000,2016,6,,,2057
Cheero Point,2083,600000,2016,6,,,2083
Chifley,2036,1100000,2016,6,,,2036
Chippendale,2008,930000,2016,6,,,2008
Chipping Norton,2170,695000,2016,6,,,2170
Chiswick,2046,1006000,2016,6,,,2046
Chittaway Bay,2261,480000,2016,6,,,2261
Chittaway Point,2261,480000,2016,6,,,2261
Chullora,2190,820000,2016,6,,,2190
Church Point,2105,1391000,2016,6,,,2105
Claremont Meadows,2747,589000,2016,6,,,2747
Clarence Town,2321,417000,2016,6,,,2321
Clarendon,2756,635000,2016,6,,,2756
Clareville,2107,1391000,2016,6,,,2107
Clareville Beach,#N/A,1391000,2016,6,,,#N/A
Claymore,2559,545000,2016,6,,,2559
Clemton Park,2206,700000,2016,6,,,2206
Cleveland,2530,595000,2016,6,,,2530
Cliftleigh,2321,417000,2016,6,,,2321
Clifton,2515,595000,2016,6,,,2515
Clontarf,2093,1673000,2016,6,,,2093
Clyde,2142,720000,2016,6,,,2142
Coal Point,2283,491000,2016,6,,,2283
Coalcliff,2508,595000,2016,6,,,2508
Coasters Retreat,2108,1391000,2016,6,,,2108
Cockatoo Island,#N/A,1324000,2016,6,,,#N/A
Cogra Bay,2083,600000,2016,6,,,2083
Colebee,2761,632000,2016,6,,,2761
Coledale,2515,595000,2016,6,,,2515
Collaroy,2097,1035000,2016,6,,,2097
Collaroy Plateau,2097,1035000,2016,6,,,#N/A
Colo,2756,635000,2016,6,,,2756
Colo Heights,2756,635000,2016,6,,,2756
Colongra,2262,480000,2016,6,,,2262
Colyton,2760,589000,2016,6,,,2760
Como,2226,900000,2016,6,,,2226
Concord,2137,1006000,2016,6,,,2137
Concord West,2138,1006000,2016,6,,,2138
Condell Park,2200,820000,2016,6,,,2200
Coniston,2500,595000,2016,6,,,2500
Connells Point,2221,880000,2016,6,,,2221
Constitution Hill,2145,720000,2016,6,,,#N/A
Coogee,2034,1100000,2016,6,,,2034
Cooks Hill,2300,491000,2016,6,,,2300
Cooranbong,2265,471000,2016,6,,,2265
Copacabana,2251,600000,2016,6,,,2251
Cordeaux,2526,595000,2016,6,,,2526
Cordeaux Heights,2526,595000,2016,6,,,2526
Corlette,2315,449000,2016,6,,,2315
Cornwallis,2756,635000,2016,6,,,2756
Corrimal,2518,595000,2016,6,,,2518
Corrimal East,2518,595000,2016,6,,,2518
Cottage Point,2084,1035000,2016,6,,,2084
Cranebrook,2749,589000,2016,6,,,2749
Cremorne,2090,1050000,2016,6,,,2090
Cremorne Point,2090,1050000,2016,6,,,2090
Cringila,2502,595000,2016,6,,,2502
Cromer,2099,1035000,2016,6,,,2099
Cronulla,2230,900000,2016,6,,,2230
Croudace Bay,2280,491000,2016,6,,,2280
Crows Nest,2065,1050000,2016,6,,,1582
Croydon Park,2133,700000,2016,6,,,2133
Cumberland Reach,2756,635000,2016,6,,,2756
Curl Curl,2096,1035000,2016,6,,,2096
Curramore,2533,688000,2016,6,,,2533
Currans Hill,2567,700000,2016,6,,,2567
Currawong Beach,2108,1391000,2016,6,,,2108
Daceyville,2032,861000,2016,6,,,2032
Daleys Point,2257,600000,2016,6,,,2257
Dangar,2309,491000,2016,6,,,2309
Dapto,2530,595000,2016,6,,,2530
Dargan,2786,578000,2016,6,,,2786
Darkes Forest,2508,595000,2016,6,,,2508
Darling Point,2027,1709000,2016,6,,,2027
Darlinghurst,2010,930000,2016,6,,,1300
Darlington,2008,930000,2016,6,,,2008
Davidson,2085,1035000,2016,6,,,2085
Davistown,2251,600000,2016,6,,,2251
Dawes Point,2000,930000,2016,6,,,2000
Dean Park,2761,632000,2016,6,,,2761
Dee Why,2099,1035000,2016,6,,,2099
Denistone,2114,1020000,2016,6,,,2114
Denistone East,2112,1020000,2016,6,,,2112
Denistone West,2114,1020000,2016,6,,,2114
Dharruk,2770,632000,2016,6,,,2770
Dobroyd Point,#N/A,825000,2016,6,,,#N/A
Dolans Bay,2229,900000,2016,6,,,2229
Dolls Point,2219,760000,2016,6,,,2219
Dombarton,2526,595000,2016,6,,,2526
Doonside,2767,632000,2016,6,,,2767
Dooralong,2259,480000,2016,6,,,2259
Double Bay,2028,1709000,2016,6,,,1360
Douglas Park,2569,680000,2016,6,,,2569
Dover Heights,2030,1200000,2016,6,,,2030
Doyalson,2262,480000,2016,6,,,2262
Drummoyne,2047,1006000,2016,6,,,1470
Duckenfield,2321,417000,2016,6,,,2321
Duckmaloi,2787,578000,2016,6,,,2787
Dudley,2290,491000,2016,6,,,2290
Duffys Forest,2084,1035000,2016,6,,,2084
Dulwich Hill,2203,985000,2016,6,,,2203
Dundas,2117,720000,2016,6,,,2117
Dundas Valley,2117,720000,2016,6,,,2117
Dural,2158,1089000,2016,6,,,2158
Eagle Vale,2558,545000,2016,6,,,2558
Eagleton,2324,449000,2016,6,,,2324
Earlwood,2206,700000,2016,6,,,2206
East Corrimal,2518,595000,2016,6,,,2518
East Gordon,#N/A,1600000,2016,6,,,#N/A
East Gosford,2250,600000,2016,6,,,2250
East Hills,2213,820000,2016,6,,,2213
East Killara,2071,1600000,2016,6,,,2071
East Lindfield,2070,1600000,2016,6,,,2070
East Maitland,2323,417000,2016,6,,,2323
East Roseville,2069,1600000,2016,6,,,#N/A
East Ryde,2113,1020000,2016,6,,,2113
East Seaham,2324,449000,2016,6,,,2324
East Willoughby,2068,1486000,2016,6,,,#N/A
Eastern Creek,2766,632000,2016,6,,,2766
Eastgardens,2036,861000,2016,6,,,2036
Eastlakes,2018,861000,2016,6,,,2018
Eastwood,2122,720000,2016,6,,,2122
Ebenezer,2756,635000,2016,6,,,2756
Edensor Park,2176,700000,2016,6,,,2176
Edgecliff,2027,1709000,2016,6,,,2027
Edgeworth,2285,491000,2016,6,,,2285
Edith,2787,578000,2016,6,,,2787
Edmondson Park,2174,695000,2016,6,,,#N/A
Elanora Heights,2101,1391000,2016,6,,,2101
Eleebana,2282,491000,2016,6,,,2282
Elermore Vale,2287,491000,2016,6,,,2287
Elizabeth Bay,2011,930000,2016,6,,,2011
Ellalong,2325,316000,2016,6,,,2325
Elvina Bay,2105,1391000,2016,6,,,2105
Emerton,2770,632000,2016,6,,,2770
Empire Bay,2257,600000,2016,6,,,2257
Emu Heights,2750,589000,2016,6,,,2750
Emu Plains,2750,589000,2016,6,,,2750
Enfield,2136,878000,2016,6,,,2136
Enfield South,2133,878000,2016,6,,,2133
Engadine,2233,900000,2016,6,,,2233
Englorie Park,2560,545000,2016,6,,,2560
Enmore,2042,985000,2016,6,,,2042
Epping,2121,720000,2016,6,,,1710
Erina,2250,600000,2016,6,,,2250
Erina Heights,2260,600000,2016,6,,,2260
Ermington,2115,720000,2016,6,,,1700
Erskine Park,2759,589000,2016,6,,,2759
Erskineville,2043,930000,2016,6,,,2043
Eschol Park,2558,545000,2016,6,,,2558
Ettalong Beach,2257,600000,2016,6,,,2257
Eveleigh,2015,930000,2016,6,,,1430
Fairfield,1807,708000,2016,6,,,1860
Fairfield,2165,700000,2016,6,,,1860
Fairfield East,2165,700000,2016,6,,,2165
Fairfield Heights,2165,700000,2016,6,,,2165
Fairfield West,2165,700000,2016,6,,,2165
Fairlight,2094,1673000,2016,6,,,2094
Fairy Meadow,2519,595000,2016,6,,,2519
Farley,2320,417000,2016,6,,,2320
Farmborough Heights,2526,595000,2016,6,,,2526
Fassifern,2283,491000,2016,6,,,2283
Fennell Bay,2283,491000,2016,6,,,2283
Fernances,2775,635000,2016,6,,,2775
Fernhill,2519,595000,2016,6,,,2519
Ferodale,2318,449000,2016,6,,,2318
Figtree,2525,595000,2016,6,,,2525
Fingal Bay,2315,449000,2016,6,,,2315
Fishermans Bay,2316,449000,2016,6,,,2316
Fishing Point,2283,491000,2016,6,,,2283
Five Dock,2046,1006000,2016,6,,,2046
Flemington,2140,715000,2016,6,,,3031
Fletcher,2287,491000,2016,6,,,2287
Floraville,2280,491000,2016,6,,,2280
Foleys Hill,#N/A,1391000,2016,6,,,#N/A
Forest Lodge,2037,930000,2016,6,,,2037
Forestville,1856,1035000,2016,6,,,2087
Forresters Beach,2260,600000,2016,6,,,2260
Fountaindale,2258,480000,2016,6,,,2258
Fox Valley,#N/A,1600000,2016,6,,,#N/A
Foxground,2534,688000,2016,6,,,2534
Freemans Reach,2756,635000,2016,6,,,2756
Freemans Waterhole,2323,417000,2016,6,,,2323
Frenchs Forest,2086,1035000,2016,6,,,1639
Freshwater,2096,1035000,2016,6,,,#N/A
Fullerton Cove,2318,449000,2016,6,,,2318
Galston,2159,1089000,2016,6,,,2159
Garden Suburb,2289,491000,2016,6,,,2289
Gateshead,2290,491000,2016,6,,,2290
Georges Hall,1924,820000,2016,6,,,2198
Georges Hall,2198,700000,2016,6,,,2198
Georgetown,2298,491000,2016,6,,,2298
Gerringong,2534,688000,2016,6,,,2534
Gerroa,2534,688000,2016,6,,,2534
Gilead,2560,545000,2016,6,,,2560
Gillieston Heights,2321,417000,2016,6,,,2321
Gingkin,2787,578000,2016,6,,,2787
Girraween,2145,708000,2016,6,,,2145
Gladesville,2111,1780000,2016,6,,,1675
Glebe,2037,930000,2016,6,,,2037
Gledswood Hills,2557,700000,2016,6,,,#N/A
Glen Alpine,2560,545000,2016,6,,,2560
Glen Martin,2321,417000,2016,6,,,2321
Glen William,2321,417000,2016,6,,,2321
Glendenning,2761,632000,2016,6,,,2761
Glenfield,2167,545000,2016,6,,,2167
Glenhaven,2156,1089000,2016,6,,,2156
Glenmore Park,2745,589000,2016,6,,,2745
Glenning Valley,2261,480000,2016,6,,,2261
Glenorie,2157,1089000,2016,6,,,2157
Glenwood,2768,632000,2016,6,,,2768
Glenworth Valley,2250,600000,2016,6,,,2250
Glossodia,2756,635000,2016,6,,,2756
Gordon,2072,1600000,2016,6,,,2072
Gore Hill,2065,1486000,2016,6,,,#N/A
Gorokan,2263,480000,2016,6,,,2263
Gosford,2250,600000,2016,6,,,2250
Gosforth,2320,417000,2016,6,,,2320
Granville,1855,708000,2016,6,,,1830
Granville,2142,720000,2016,6,,,1830
Grays Point,2232,900000,2016,6,,,2232
Great Mackerel Beach,2108,1391000,2016,6,,,2108
Green Hills,2323,417000,2016,6,,,2323
Green Point,2251,600000,2016,6,,,2251
Green Valley,2168,695000,2016,6,,,2168
Greenacre,2190,820000,2016,6,,,2190
Greendale,2745,695000,2016,6,,,2550
Greenfield Park,2176,700000,2016,6,,,2176
Greengrove,2250,600000,2016,6,,,2250
Greenhills Beach,2230,900000,2016,6,,,#N/A
Greenwich,2065,835000,2016,6,,,2065
Gregory Hills,2557,700000,2016,6,,,#N/A
Greta,2334,316000,2016,6,,,2334
Greystanes,1791,708000,2016,6,,,2145
Grose Vale,2753,635000,2016,6,,,2753
Grose Wold,2753,635000,2016,6,,,2753
Guildford,1817,708000,2016,6,,,1848
Guildford West,2161,708000,2016,6,,,2161
Gunderman,2775,600000,2016,6,,,2775
Gurnang,2787,578000,2016,6,,,2787
Gwandalan,2259,480000,2016,6,,,2259
Gwynneville,2500,595000,2016,6,,,2500
Gymea,2227,900000,2016,6,,,2227
Gymea Bay,2227,900000,2016,6,,,2227
Haberfield,2045,825000,2016,6,,,2045
Halekulani,2262,480000,2016,6,,,2262
Hamilton,2303,491000,2016,6,,,2303
Hamilton East,2303,491000,2016,6,,,2303
Hamilton North,2292,491000,2016,6,,,2292
Hamilton South,2303,491000,2016,6,,,2303
Hamlyn Terrace,2259,480000,2016,6,,,2259
Hammondville,2170,695000,2016,6,,,2170
Hardys Bay,2257,600000,2016,6,,,2257
Harpers Hill,2321,417000,2016,6,,,2321
Harrington Park,2567,700000,2016,6,,,2567
Harris Park,2150,720000,2016,6,,,2150
Hassall Grove,2761,632000,2016,6,,,2761
Haymarket,2000,930000,2016,6,,,1208
Haywards Bay,2530,595000,2016,6,,,2530
Hazelgrove,2787,578000,2016,6,,,2787
Heathcote,2233,900000,2016,6,,,2233
Heatherbrae,2324,449000,2016,6,,,2324
Hebersham,2770,632000,2016,6,,,2770
Heckenberg,2168,695000,2016,6,,,2168
Heddon Greta,2321,417000,2016,6,,,2321
Helensburgh,2508,595000,2016,6,,,2508
Henley,2111,1780000,2016,6,,,2111
Higher Macdonald,2775,635000,2016,6,,,2775
Highfields,2289,491000,2016,6,,,2289
Hillsborough,2290,491000,2016,6,,,2290
Hillsborough,2320,417000,2016,6,,,2290
Hillsdale,2036,861000,2016,6,,,2036
Hinchinbrook,2168,695000,2016,6,,,2168
Hobartville,2753,635000,2016,6,,,2753
Holgate,2250,600000,2016,6,,,2250
Holmesville,2286,491000,2016,6,,,2286
Holsworthy,2173,695000,2016,6,,,2173
Homebush,2140,715000,2016,6,,,2140
Homebush West,2140,708000,2016,6,,,2140
Horningsea Park,2171,695000,2016,6,,,2171
Hornsby,2077,1070000,2016,6,,,1630
Horseshoe Bend,2320,417000,2016,6,,,2320
Horsfield Bay,2256,600000,2016,6,,,2256
Horsley,2530,595000,2016,6,,,2530
Horsley Park,2175,700000,2016,6,,,2175
Hoxton Park,2171,695000,2016,6,,,2171
Hunters Hill,2110,1780000,2016,6,,,2110
Huntingwood,2148,632000,2016,6,,,2148
Huntley,2530,595000,2016,6,,,2530
Huntleys Cove,2111,1780000,2016,6,,,2111
Huntleys Point,2111,1780000,2016,6,,,2111
Hurlstone Park,2193,700000,2016,6,,,2193
Hurstville,2220,773000,2016,6,,,1493
Hurstville Grove,2220,880000,2016,6,,,2220
Illawong,2234,900000,2016,6,,,2234
Ingleburn,2565,545000,2016,6,,,1890
Ingleside Heights,#N/A,1391000,2016,6,,,#N/A
Islington,2296,491000,2016,6,,,2296
Jamberoo,2533,688000,2016,6,,,2533
Jamisontown,2750,589000,2016,6,,,2750
Jannali,2226,900000,2016,6,,,2226
Jaunter,2787,578000,2016,6,,,2787
Jerrara,2533,688000,2016,6,,,2533
Jesmond,2299,491000,2016,6,,,2299
Jewells,2280,491000,2016,6,,,2280
Jilliby,2259,480000,2016,6,,,2259
Jordan Springs,2747,589000,2016,6,,,#N/A
Kahibah,2290,491000,2016,6,,,2290
Kanahooka,2530,595000,2016,6,,,2530
Kanangra,2787,578000,2016,6,,,2787
Kangy Angy,2258,480000,2016,6,,,2258
Kanwal,2259,480000,2016,6,,,2259
Kareela,2232,900000,2016,6,,,2232
Kariong,2250,600000,2016,6,,,2250
Karuah,2324,449000,2016,6,,,2324
Kearns,2558,545000,2016,6,,,2558
Kearsley,2325,316000,2016,6,,,2325
Keinbah,2320,417000,2016,6,,,2320
Keiraville,2500,595000,2016,6,,,2500
Kellyville,2155,1089000,2016,6,,,2155
Kellyville Ridge,2155,632000,2016,6,,,2155
Kembla Grange,2526,595000,2016,6,,,2526
Kembla Heights,2526,595000,2016,6,,,2526
Kemblawarra,2505,595000,2016,6,,,2505
Kensington,2033,1100000,2016,6,,,1465
Kenthurst,2156,1089000,2016,6,,,2156
Kentlyn,2560,545000,2016,6,,,2560
Kiama,2533,688000,2016,6,,,2533
Kiama Downs,2533,688000,2016,6,,,2533
Kiama Heights,2533,688000,2016,6,,,2533
Kilaben Bay,2283,491000,2016,6,,,2283
Killara,2071,1600000,2016,6,,,2071
Killarney Heights,2087,1035000,2016,6,,,2087
Killarney Vale,2261,480000,2016,6,,,2261
Killcare,2257,600000,2016,6,,,2257
Killcare Heights,2257,600000,2016,6,,,2257
Kincumber,2251,600000,2016,6,,,2251
Kincumber South,2251,600000,2016,6,,,2251
Kings Langley,2147,632000,2016,6,,,2147
Kings Park,2148,632000,2016,6,,,2148
Kingsford,2032,1100000,2016,6,,,2032
Kingswood,2747,589000,2016,6,,,2340
Kirrawee,2232,900000,2016,6,,,2232
Kirribilli,2061,1050000,2016,6,,,2061
Kitchener,2325,316000,2016,6,,,2325
Knights Hill,2577,688000,2016,6,,,2577
Kogarah,2217,880000,2016,6,,,2217
Kogarah Bay,2217,880000,2016,6,,,2217
Koolewong,2256,600000,2016,6,,,2256
Koonawarra,2530,595000,2016,6,,,2530
Kooragang,2304,491000,2016,6,,,2304
Kotara,2289,491000,2016,6,,,2289
Kotara East,2305,491000,2016,6,,,2305
Kotara South,2289,491000,2016,6,,,2289
Kurmond,2757,635000,2016,6,,,2757
Kurnell,2231,900000,2016,6,,,2231
Kurraba Point,2089,1050000,2016,6,,,#N/A
Kurri Kurri,2327,316000,2016,6,,,2327
Kyeemagh,2216,760000,2016,6,,,2216
Kyle Bay,2221,880000,2016,6,,,2221
La Perouse,2036,1100000,2016,6,,,2036
Lake Haven,2263,480000,2016,6,,,2263
Lake Heights,2502,595000,2016,6,,,2502
Lake Munmorah,2259,480000,2016,6,,,2259
Lakelands,2282,491000,2016,6,,,2282
Lakemba,2195,700000,2016,6,,,2195
Lakesland,2572,680000,2016,6,,,2572
Lalor Park,2147,632000,2016,6,,,2147
Lambton,2299,491000,2016,6,,,2299
Lane Cove,2066,835000,2016,6,,,1595
Lane Cove West,2066,835000,2016,6,,,2066
Lansdowne,2163,820000,2016,6,,,2163
Lansvale,2166,700000,2016,6,,,2166
Largs,2320,417000,2016,6,,,2320
Lavender Bay,2060,1050000,2016,6,,,2060
Leichhardt,2040,1324000,2016,6,,,2040
Leightonfield,2163,820000,2016,6,,,#N/A
Lemon Tree,2259,480000,2016,6,,,2259
Lemon Tree Passage,2319,449000,2016,6,,,2319
Leonay,2750,589000,2016,6,,,2750
Lethbridge Park,2770,632000,2016,6,,,2770
Leumeah,2560,545000,2016,6,,,2560
Lewisham,2049,985000,2016,6,,,2049
Liberty Grove,2138,1006000,2016,6,,,2138
Lilli Pilli,2229,900000,2016,6,,,2229
Lilyfield,2040,1324000,2016,6,,,2040
Lilyvale,2508,595000,2016,6,,,2508
Lindfield,2070,1600000,2016,6,,,2070
Linley Point,2066,835000,2016,6,,,2066
Linns Hill,2570,680000,2016,6,,,#N/A
Lisarow,2250,600000,2016,6,,,2250
Little Bay,2036,1100000,2016,6,,,2036
Little Jilliby,2259,480000,2016,6,,,2259
Little Pelican,2281,491000,2016,6,,,2281
Little Wobby,2256,600000,2016,6,,,2256
Liverpool,2170,695000,2016,6,,,1871
Llandilo,2747,589000,2016,6,,,2747
Lochinvar,2321,417000,2016,6,,,2321
Loftus,2232,900000,2016,6,,,2232
Londonderry,2753,589000,2016,6,,,2753
Long Jetty,2261,480000,2016,6,,,2261
Long Point,2564,545000,2016,6,,,2330
Longueville,2066,835000,2016,6,,,2066
Loquat Valley,#N/A,1391000,2016,6,,,#N/A
Lorn,2320,417000,2016,6,,,2320
Louth Park,2320,417000,2016,6,,,2320
Lovett Bay,2105,1391000,2016,6,,,2105
Lower Macdonald,2775,635000,2016,6,,,2775
Lower Mangrove,2250,600000,2016,6,,,2250
Lucas Heights,2234,900000,2016,6,,,2234
Lugarno,2210,773000,2016,6,,,2210
Lurnea,2170,695000,2016,6,,,2170
Luskintyre,2321,417000,2016,6,,,2321
Macarthur Heights,#N/A,545000,2016,6,,,#N/A
MacMasters Beach,2251,600000,2016,6,,,2251
Macquarie Fields,2564,545000,2016,6,,,2564
Macquarie Hills,2285,491000,2016,6,,,2285
Macquarie Links,2565,545000,2016,6,,,2565
Macquarie Park,2113,1020000,2016,6,,,2113
Macquarie Pass,2577,525000,2016,6,,,2577
Macquarie University campus,#N/A,1020000,2016,6,,,#N/A
Maddens Plains,2508,595000,2016,6,,,2508
Magenta,2261,480000,2016,6,,,2261
Maianbar,2230,900000,2016,6,,,2230
Maitland,2320,417000,2016,6,,,2320
Maitland Bar,2850,417000,2016,6,,,2850
Maitland North,2320,417000,2016,6,,,2320
Maitland Vale,2320,417000,2016,6,,,2320
Malabar,2036,1100000,2016,6,,,2036
Mallabula,2319,449000,2016,6,,,2319
Manahan,2200,820000,2016,6,,,2200
Mangerton,2500,595000,2016,6,,,2500
Mangrove Creek,2250,600000,2016,6,,,2250
Mangrove Mountain,2250,600000,2016,6,,,2250
Manly,2095,1673000,2016,6,,,1655
Manly Vale,2093,1035000,2016,6,,,2093
Mannering Park,2259,480000,2016,6,,,2259
Marayong,2148,632000,2016,6,,,2148
Mardi,2259,480000,2016,6,,,2259
Marks Point,2280,491000,2016,6,,,2280
Marlow,2775,600000,2016,6,,,2775
Marmong Point,2284,491000,2016,6,,,2284
Maroota,2756,1089000,2016,6,,,2756
Maroubra,2035,1100000,2016,6,,,2035
Maroubra Junction,#N/A,1100000,2016,6,,,#N/A
Marrickville,2204,985000,2016,6,,,1475
Marsden Park,2765,632000,2016,6,,,2765
Marsfield,2122,1020000,2016,6,,,2122
Marshall Mount,2530,595000,2016,6,,,2530
Maryland,2287,491000,2016,6,,,2287
Maryville,2293,491000,2016,6,,,2293
Mascot,2020,861000,2016,6,,,1460
Matcham,2250,600000,2016,6,,,2250
Matraville,2036,1100000,2016,6,,,2036
Mayfield,2304,491000,2016,6,,,2304
Mayfield,2787,578000,2016,6,,,2304
Mayfield East,2304,491000,2016,6,,,2304
Mayfield North,2304,491000,2016,6,,,2304
Mayfield West,2304,491000,2016,6,,,2304
McCarrs Creek,2105,1391000,2016,6,,,#N/A
Mcgraths Hill,2756,635000,2016,6,,,2756
McMahons Point,2060,1050000,2016,6,,,2060
Meadowbank,2114,1020000,2016,6,,,2114
Medowie,2318,449000,2016,6,,,2318
Megalong,2785,578000,2016,6,,,2785
Mellong,2756,635000,2016,6,,,2756
Melrose Park,2114,1020000,2016,6,,,2114
Melville,2320,417000,2016,6,,,2320
Menai,2234,900000,2016,6,,,2234
Menangle,2568,680000,2016,6,,,2568
Menangle Park,2563,545000,2016,6,,,2563
Merewether,2291,491000,2016,6,,,2291
Merewether Heights,2291,491000,2016,6,,,2291
Merrylands,1855,708000,2016,6,,,2160
Merrylands,2160,720000,2016,6,,,2160
Merrylands West,2160,708000,2016,6,,,2160
Metford,2323,417000,2016,6,,,2323
Middle Camp,2281,491000,2016,6,,,2281
Middle Cove,2068,1486000,2016,6,,,2068
Middle Dural,2158,1089000,2016,6,,,2158
Middleton Grange,2171,695000,2016,6,,,2171
Miller,2168,695000,2016,6,,,#N/A
Millers Point,2000,930000,2016,6,,,2000
Millfield,2325,316000,2016,6,,,2325
Milperra,2214,820000,2016,6,,,1891
Milsons Point,2061,1050000,2016,6,,,1565
Minchinbury,2770,632000,2016,6,,,2770
Mindaribba,2320,417000,2016,6,,,2320
Minmi,2287,491000,2016,6,,,2287
Minnamurra,2533,688000,2016,6,,,2533
Minto,2566,545000,2016,6,,,2566
Minto Heights,2566,545000,2016,6,,,2566
Miranda,2228,900000,2016,6,,,1490
Mogo Creek,2775,635000,2016,6,,,2775
Mona Vale,2103,1391000,2016,6,,,1658
Monterey,2217,760000,2016,6,,,2217
Mooney Mooney,2083,600000,2016,6,,,2083
Mooney Mooney Creek,2250,600000,2016,6,,,2250
Moore Park,2021,930000,2016,6,,,2021
Moorebank,2170,695000,2016,6,,,1875
Morisset,2264,471000,2016,6,,,2264
Morning Bay,2108,1391000,2016,6,,,2108
Morpeth,2321,417000,2016,6,,,2321
Mortdale,2223,773000,2016,6,,,2223
Mortlake,2137,1006000,2016,6,,,2137
Mosman,2088,1490000,2016,6,,,2088
Mount Annan,2567,700000,2016,6,,,2567
Mount Dee,2320,417000,2016,6,,,2320
Mount Druitt,2770,632000,2016,6,,,2770
Mount Elliot,2250,600000,2016,6,,,2250
Mount Irvine,2786,578000,2016,6,,,2786
Mount Keira,2500,595000,2016,6,,,2500
Mount Kembla,2526,595000,2016,6,,,2526
Mount Lewis,2190,820000,2016,6,,,2190
Mount Olive,2787,578000,2016,6,,,2330
Mount Ousley,2519,595000,2016,6,,,2519
Mount Pleasant,2519,595000,2016,6,,,2519
Mount Saint Thomas,2500,595000,2016,6,,,2500
Mount Tomah,2758,578000,2016,6,,,2758
Mount Vernon,2178,589000,2016,6,,,2178
Mount Victoria,2786,578000,2016,6,,,2786
Mount Vincent,2323,417000,2016,6,,,2323
Mount Werong,2787,578000,2016,6,,,2787
Mount White,2250,600000,2016,6,,,2250
Mount Wilson,2786,578000,2016,6,,,2786
Mozart,2787,578000,2016,6,,,2787
Mulgoa,2745,589000,2016,6,,,2745
Mulgrav,2756,635000,2016,6,,,#N/A
Murrays Beach,2281,491000,2016,6,,,2281
Narara,2250,600000,2016,6,,,2250
Narellan,2567,700000,2016,6,,,2567
Narellan Vale,2567,700000,2016,6,,,2567
Naremburn,2065,1486000,2016,6,,,2065
Narraweena,2099,1035000,2016,6,,,2099
Nattai River,2570,680000,2016,6,,,#N/A
Neath,2326,316000,2016,6,,,2326
Nelson,2765,1089000,2016,6,,,2550
Nelson Bay,2315,449000,2016,6,,,2315
Nelsons Plains,2324,449000,2016,6,,,2324
Neutral Bay,2089,1050000,2016,6,,,2089
New Lambton,2305,491000,2016,6,,,2305
New Lambton Heights,2305,491000,2016,6,,,2305
Newcastle,2300,491000,2016,6,,,2300
Newcastle East,2300,491000,2016,6,,,2300
Newcastle University,2308,491000,2016,6,,,2308
Newcastle West,2302,491000,2016,6,,,2302
Newington,2127,720000,2016,6,,,2127
Newport,2106,1391000,2016,6,,,2106
Niagara Park,2250,600000,2016,6,,,2250
Norah Head,2263,480000,2016,6,,,2263
Noraville,2263,480000,2016,6,,,2263
Nords Wharf,2281,491000,2016,6,,,2281
North Avoca,2260,600000,2016,6,,,2260
North Balgowlah,2093,1035000,2016,6,,,2093
North Curl Curl,2099,1035000,2016,6,,,2099
North Gosford,2250,600000,2016,6,,,2250
North Kellyville,2155,1089000,2016,6,,,#N/A
North Lambton,2299,491000,2016,6,,,2299
North Manly,2100,1035000,2016,6,,,2100
North Narrabeen,2101,1391000,2016,6,,,2101
North Parramatta,2151,720000,2016,6,,,1750
North Richmond,2754,635000,2016,6,,,2754
North Ryde,2113,1020000,2016,6,,,2113
North St Ives,#N/A,1600000,2016,6,,,#N/A
North St Marys,2760,589000,2016,6,,,2760
North Strathfield,2137,1006000,2016,6,,,2137
North Sydney,2060,1050000,2016,6,,,2055
North Turramurra,2074,1600000,2016,6,,,2074
North Wahroonga,2076,1600000,2016,6,,,2076
North Willoughby,2068,1486000,2016,6,,,2068
North Wollongong,2500,595000,2016,6,,,2500
Northbridge,2063,1486000,2016,6,,,2063
Northmead,2152,720000,2016,6,,,2152
Northwood,2066,835000,2016,6,,,2066
Norway,2787,578000,2016,6,,,2787
Oakhampton,2320,417000,2016,6,,,2320
Oakhampton Heights,2320,417000,2016,6,,,2320
Oakhurst,2761,632000,2016,6,,,2761
Oakville,2765,635000,2016,6,,,2765
Oatlands,2117,720000,2016,6,,,2117
Oberon,2787,578000,2016,6,,,2787
Old Guildford,2161,700000,2016,6,,,2161
Old Toongabbie,2146,720000,2016,6,,,2146
One Mile,2316,449000,2016,6,,,2316
One Tree Point,2211,820000,2016,6,,,#N/A
Orchard Hills,2748,589000,2016,6,,,2748
Osterley,2324,449000,2016,6,,,2324
Oswald,2321,417000,2016,6,,,2321
Otford,2508,595000,2016,6,,,2508
Ourimbah,2258,480000,2016,6,,,2258
Oxford Falls,2100,1035000,2016,6,,,2100
Oxley Park,2760,589000,2016,6,,,2760
Oyster Bay,2225,900000,2016,6,,,2225
Padstow Heights,2211,820000,2016,6,,,2211
Padstow,2211,820000,2016,6,,,2211
Pagewood,2035,861000,2016,6,,,2035
Palm Beach,2108,1391000,2016,6,,,2108
Palm Grove,2258,480000,2016,6,,,2258
Palmdale,2258,480000,2016,6,,,2258
Panania,2213,820000,2016,6,,,2213
Paradise Beach,2107,1391000,2016,6,,,2107
Parklea,2768,632000,2016,6,,,2768
Parramatta,2150,720000,2016,6,,,1740
Patonga,2256,600000,2016,6,,,2256
Paxton,2325,316000,2016,6,,,2325
Peakhurst,2210,773000,2016,6,,,2210
Peakhurst Heights,2210,773000,2016,6,,,2210
Pearl Beach,2256,600000,2016,6,,,2256
Peats Ridge,2250,600000,2016,6,,,2250
Pelaw Main,2327,316000,2016,6,,,2327
Pelican,2281,491000,2016,6,,,2281
Pemulwuy,2145,708000,2016,6,,,2145
Penrith,2750,589000,2016,6,,,2750
Penrose,2530,595000,2016,6,,,2530
Penshurst,2222,773000,2016,6,,,2222
Perrys Crossing,2775,635000,2016,6,,,2775
Petersham,2049,985000,2016,6,,,2049
Pheasants Nest,2574,680000,2016,6,,,2574
Phegans Bay,2256,600000,2016,6,,,2256
Phillip Bay,2036,1100000,2016,6,,,2036
Phoenix Park,2321,417000,2016,6,,,2321
Picketts Valley,2251,600000,2016,6,,,2251
Picnic Point,2213,820000,2016,6,,,2213
Pinny Beach,2281,491000,2016,6,,,2281
Pitnacree,2323,417000,2016,6,,,2323
Pitt Town,2756,635000,2016,6,,,2756
Pitt Town Bottoms,2756,635000,2016,6,,,2756
Pleasure Point,2172,695000,2016,6,,,2172
Plumpton,2761,632000,2016,6,,,2761
Point Clare,2250,600000,2016,6,,,2250
Point Frederick,2250,600000,2016,6,,,2250
Point Piper,2027,1709000,2016,6,,,2027
Pokolbin,2320,417000,2016,6,,,2320
Port Botany,2036,1100000,2016,6,,,2036
Port Hacking,2229,900000,2016,6,,,2229
Port Kembla,2505,595000,2016,6,,,2505
Port Stephens,#N/A,449000,2016,6,,,#N/A
Porters Retreat,2787,578000,2016,6,,,2787
Portland,2847,578000,2016,6,,,2847
Potts Hill,2143,820000,2016,6,,,2143
Potts Point,2011,930000,2016,6,,,1335
Prairiewood,2176,700000,2016,6,,,2176
Prestons,2170,695000,2016,6,,,2170
Pretty Beach,2257,600000,2016,6,,,2257
Primbee,2502,595000,2016,6,,,2502
Punchbowl,2196,820000,2016,6,,,2196
Putney,2112,1020000,2016,6,,,2112
Putty,2330,635000,2016,6,,,2330
Pymble,2073,1600000,2016,6,,,2073
Pyrmont,2009,930000,2016,6,,,2009
Quakers Hill,2763,632000,2016,6,,,2763
Queens Park,2022,1200000,2016,6,,,2022
Queenscliff,2096,1035000,2016,6,,,2096
Raby,2566,545000,2016,6,,,2566
Ramsgate,2217,760000,2016,6,,,2217
Ramsgate Beach,2217,760000,2016,6,,,2217
Randwick,2031,1100000,2016,6,,,2031
Rankin Park,2287,491000,2016,6,,,2287
Rathmines,2283,491000,2016,6,,,2283
Ravensdale,2259,480000,2016,6,,,2259
Raworth,2321,417000,2016,6,,,2321
Raymond Terrace,2324,449000,2016,6,,,2324
Redfern,2016,930000,2016,6,,,2016
Regentville,2745,589000,2016,6,,,2745
Reidtown,2519,595000,2016,6,,,2519
Revesby,2212,820000,2016,6,,,2212
Revesby Heights,2212,820000,2016,6,,,2212
Rhodes,2138,1006000,2016,6,,,2138
Richmond,2753,635000,2016,6,,,2753
Richmond Lowlands,2753,635000,2016,6,,,2753
Richmond Vale,2323,417000,2016,6,,,2323
Riverview,2066,835000,2016,6,,,2066
Rockdale,2216,760000,2016,6,,,2216
Rocky Point,2259,480000,2016,6,,,2259
Rodd Point,2046,1006000,2016,6,,,2046
Rookwood,2141,708000,2016,6,,,2141
Rooty Hill,2766,632000,2016,6,,,2766
Ropes Crossing,2760,632000,2016,6,,,2760
Rose Valley,2534,688000,2016,6,,,2534
Rosebrook,2320,417000,2016,6,,,2320
Rosehill,2142,720000,2016,6,,,2142
Roselands,2196,700000,2016,6,,,2196
Rosemeadow,2560,545000,2016,6,,,2560
Roseville Chase,2069,1600000,2016,6,,,2069
Rossmore,2557,695000,2016,6,,,2557
Rothbury,2320,417000,2016,6,,,2320
Rozelle,2039,1324000,2016,6,,,2039
Ruse,2560,545000,2016,6,,,2560
Rushcutters Bay,2011,930000,2016,6,,,2011
Russell Lea,2046,1006000,2016,6,,,2046
Russell Vale,2517,595000,2016,6,,,2517
Rutherford,2320,417000,2016,6,,,2320
Rydalmere,2116,720000,2016,6,,,2116
Ryde,2112,1020000,2016,6,,,1680
Ryhope,2283,491000,2016,6,,,2283
Sackville,2756,635000,2016,6,,,2756
Sackville North,2756,1089000,2016,6,,,2756
Saddleback Mountain,2533,688000,2016,6,,,2533
Sadleir,2168,695000,2016,6,,,2168
Salamander Bay,2317,449000,2016,6,,,2317
Salt Ash,2318,449000,2016,6,,,2318
Salt Pan Cove,#N/A,1391000,2016,6,,,#N/A
San Remo,2262,480000,2016,6,,,2262
Sand Point,#N/A,1391000,2016,6,,,#N/A
Sandgate,2304,491000,2016,6,,,2304
Sandringham,2219,760000,2016,6,,,2219
Sandy Point,2172,900000,2016,6,,,2172
Sans Souci,2219,880000,2016,6,,,2219
Saratoga,2251,600000,2016,6,,,2251
Scarborough,2515,595000,2016,6,,,2515
Scheyville,2756,635000,2016,6,,,2756
Schofields,2762,632000,2016,6,,,2762
Scotland Island,2105,1391000,2016,6,,,2105
Scotts Hill,2570,680000,2016,6,,,#N/A
Seaforth,2092,1673000,2016,6,,,2092
Seaham,2324,449000,2016,6,,,2324
Seahampton,2286,491000,2016,6,,,2286
Sefton,2162,820000,2016,6,,,2162
Seven Hills,2147,632000,2016,6,,,1730
Shalvey,2770,632000,2016,6,,,2770
Shanes Park,2747,632000,2016,6,,,2747
Shelly Beach,2261,480000,2016,6,,,2261
Shoal Bay,2315,491000,2016,6,,,2315
Shooters Hill,2787,578000,2016,6,,,2787
Shortland,2307,491000,2016,6,,,2307
Silverdale,2752,680000,2016,6,,,2752
Silverwater,2128,720000,2016,6,,,1811
Smeaton Grange,2567,700000,2016,6,,,2567
Soldiers Point,2317,449000,2016,6,,,2317
Somersby,2250,600000,2016,6,,,2250
South Coogee,2034,1100000,2016,6,,,2034
South Granville,2142,708000,2016,6,,,2142
South Hurstville,2221,880000,2016,6,,,2221
South Maitland,2320,417000,2016,6,,,2320
South Maroota,2756,1089000,2016,6,,,2756
South Penrith,2750,589000,2016,6,,,2750
South Turramurra,2074,1600000,2016,6,,,2074
South Warriewood,#N/A,1391000,2016,6,,,#N/A
South Wentworthville,2145,708000,2016,6,,,2145
South Windsor,2756,635000,2016,6,,,2756
Speers Point,2284,491000,2016,6,,,2284
Spencer,2775,600000,2016,6,,,2775
Spring Hill,2500,595000,2016,6,,,2500
Springfield,2250,600000,2016,6,,,2250
St Albans,2775,635000,2016,6,,,2775
St Andrews,2566,545000,2016,6,,,#N/A
St Clair,2759,589000,2016,6,,,2330
St Helens Park,2560,545000,2016,6,,,2560
St Huberts Island,2257,600000,2016,6,,,2257
St Ives,2075,1600000,2016,6,,,2075
St Ives Chase,2075,1600000,2016,6,,,2075
St Johns Park,2176,700000,2016,6,,,2176
St Peters,2044,985000,2016,6,,,2044
Stanhope Gardens,2768,632000,2016,6,,,2768
Stanmore,2048,985000,2016,6,,,2048
Stanwell Park,2508,595000,2016,6,,,2508
Stanwell Tops,2508,595000,2016,6,,,2508
Stockton,2295,491000,2016,6,,,2295
Stokes Point,#N/A,1391000,2016,6,,,#N/A
Strathfield,2135,715000,2016,6,,,1816
Strathfield South,2135,715000,2016,6,,,2136
Summer Hill,2287,491000,2016,6,,,2130
Summer Hill,2130,825000,2016,6,,,2130
Summerland Point,2259,480000,2016,6,,,2259
Surry Hills,2010,930000,2016,6,,,2010
Sutherland,2232,900000,2016,6,,,1499
Swan Bay,2324,449000,2016,6,,,2324
Swansea Heads,2281,491000,2016,6,,,2281
Sydenham,2044,985000,2016,6,,,2044
Sydney,2000,930000,2016,6,,,1001
Sydney Airport,2020,760000,2016,6,,,#N/A
Sylvania,2224,900000,2016,6,,,2224
Sylvania Waters,2224,900000,2016,6,,,2224
Tacoma,2259,480000,2016,6,,,2259
Tacoma South,2259,480000,2016,6,,,2259
Tahmoor,2573,680000,2016,6,,,2573
Tamarama,2026,1200000,2016,6,,,2026
Tanilba Bay,2319,449000,2016,6,,,2319
Tarana,2787,578000,2016,6,,,2787
Taren Point,2229,900000,2016,6,,,2229
Tarrawanna,2518,595000,2016,6,,,2518
Tascott,2250,600000,2016,6,,,2250
Taylors Beach,2316,449000,2016,6,,,2316
Taylors Point,2107,1391000,2016,6,,,2107
Telarah,2320,417000,2016,6,,,2320
Telopea,2117,720000,2016,6,,,2117
Tempe,2044,985000,2016,6,,,2044
Ten Mile Hollow,2250,635000,2016,6,,,2250
Tenambit,2323,417000,2016,6,,,2323
Tennyson,2754,635000,2016,6,,,2754
Tennyson Point,2111,1020000,2016,6,,,2111
Teralba,2284,491000,2016,6,,,2284
Terrey Hills,2084,1035000,2016,6,,,2084
Terrigal,2260,600000,2016,6,,,2260
The Basin,2108,1391000,2016,6,,,2108
The Entrance,2261,480000,2016,6,,,2261
The Entrance North,2261,480000,2016,6,,,2261
The Hill,2300,491000,2016,6,,,2300
The Junction,2291,491000,2016,6,,,2291
The Meadows,2787,578000,2016,6,,,2787
The Peaks,2787,680000,2016,6,,,#N/A
The Ponds,2769,632000,2016,6,,,2769
The Rocks,2000,930000,2016,6,,,2000
The Slopes,2754,635000,2016,6,,,2754
Thirlmere,2572,680000,2016,6,,,2572
Thirroul,2515,595000,2016,6,,,2515
Tighes Hill,2297,491000,2016,6,,,2297
Tilligerry Creek,2319,449000,2016,6,,,#N/A
Tingira Heights,2290,491000,2016,6,,,2290
Tomago,2322,449000,2016,6,,,2322
Toolijooa,2534,688000,2016,6,,,2534
Toowoon Bay,2261,480000,2016,6,,,2261
Top Ryde,2112,1020000,2016,6,,,#N/A
Toukley,2263,480000,2016,6,,,2263
Towlers Bay,#N/A,1391000,2016,6,,,#N/A
Towradgi,2518,595000,2016,6,,,2518
Tregear,2770,632000,2016,6,,,2770
Tuggerah,2259,480000,2016,6,,,2259
Tuggerawong,2259,480000,2016,6,,,2259
Tumbi Umbi,2261,480000,2016,6,,,2261
Tumbledown Dick,#N/A,1391000,2016,6,,,#N/A
Turimetta,#N/A,1391000,2016,6,,,#N/A
Turramurra,2074,1600000,2016,6,,,2074
Turrella,2205,760000,2016,6,,,2205
Ultimo,2007,930000,2016,6,,,2007
Umina,2257,600000,2016,6,,,#N/A
Unanderra,2526,595000,2016,6,,,2526
University Of Wollongong,2522,595000,2016,6,,,2522
Upper Colo,2756,635000,2016,6,,,2756
Upper Kangaroo Valley,2577,688000,2016,6,,,2577
Upper Macdonald,2775,635000,2016,6,,,2775
Upper Mangrove,2250,600000,2016,6,,,2250
Valentine,2280,491000,2016,6,,,2280
Varroville,2566,545000,2016,6,,,2566
Voyager Point,2172,695000,2016,6,,,2172
Wadalba,2259,480000,2016,6,,,2259
Wagstaffe,2257,600000,2016,6,,,2257
Wahroonga,2076,1600000,2016,6,,,2076
Wakeley,2176,700000,2016,6,,,2176
Wallacia Heights,2745,680000,2016,6,,,#N/A
Wallarah,2259,480000,2016,6,,,2259
Wallerawang,2845,578000,2016,6,,,2845
Wallsend,2287,491000,2016,6,,,2287
Wallsend South,2287,491000,2016,6,,,2287
Wamberal,2260,600000,2016,6,,,2260
Warabrook,2304,491000,2016,6,,,2304
Waratah,2298,491000,2016,6,,,2298
Waratah West,2298,491000,2016,6,,,2298
Wareemba,2046,1006000,2016,6,,,2046
Warnervale,2259,480000,2016,6,,,2259
Warragamba,2752,680000,2016,6,,,2752
Warrawee,2074,1600000,2016,6,,,2074
Warrawong,2502,595000,2016,6,,,2502
Warriewood,2102,1391000,2016,6,,,2102
Warriewood Beach,#N/A,1391000,2016,6,,,#N/A
Warwick Farm,2170,695000,2016,6,,,2170
Watanobbi,2259,480000,2016,6,,,2259
Waterfall,2233,900000,2016,6,,,2233
Waterloo,2017,930000,2016,6,,,1440
Watsons Bay,2030,1709000,2016,6,,,2030
Wattle Grove,2173,695000,2016,6,,,2173
Waverley,2024,1200000,2016,6,,,2024
Waverton,2060,1050000,2016,6,,,2060
Webbs Creek,2775,635000,2016,6,,,2775
Wedderburn,2560,545000,2016,6,,,2560
Wendoree Park,2250,600000,2016,6,,,2250
Wentworth Point,2127,720000,2016,6,,,#N/A
Werombi Road,2570,680000,2016,6,,,#N/A
Werri Beach,2534,688000,2016,6,,,2534
Werrington,2747,589000,2016,6,,,2747
Werrington County,2747,589000,2016,6,,,2747
Werrington Downs,2747,589000,2016,6,,,2747
West Gosford,2250,600000,2016,6,,,2250
West Hoxton,2171,695000,2016,6,,,2171
West Killara,#N/A,1600000,2016,6,,,#N/A
West Lindfield,2070,1600000,2016,6,,,#N/A
West Pennant Hills,2125,1089000,2016,6,,,2125
West Pymble,2073,1600000,2016,6,,,2073
West Ryde,2114,1020000,2016,6,,,1685
West Wallsend,2286,491000,2016,6,,,2286
West Wollongong,2500,595000,2016,6,,,2500
Weston,2326,316000,2016,6,,,2326
Wetherill Park,2164,700000,2016,6,,,2164
Whalan,2770,632000,2016,6,,,2770
Whale Beach,2107,1391000,2016,6,,,2107
Wheeler Heights,2097,1035000,2016,6,,,2097
Wheeny Creek,2758,578000,2016,6,,,2758
Wheeny Creek,2765,635000,2016,6,,,2758
Whitebridge,2290,491000,2016,6,,,2290
Wickham,2293,491000,2016,6,,,2293
Wilberforce,2756,635000,2016,6,,,2756
Wiley Park,2195,700000,2016,6,,,2195
Williamtown,2318,449000,2016,6,,,2318
Willmot,2770,632000,2016,6,,,2770
Willoughby,2068,1486000,2016,6,,,2068
Willow Vale,2534,688000,2016,6,,,2534
Windale,2306,491000,2016,6,,,2306
Windang,2528,595000,2016,6,,,2528
Windella,2320,417000,2016,6,,,2320
Windsor,2756,635000,2016,6,,,2756
Windsor Downs,2756,635000,2016,6,,,2756
Wolli Creek,2205,760000,2016,6,,,2205
Wollombi,2325,316000,2016,6,,,2325
Wollongong,2500,595000,2016,6,,,2500
Wollongong,2520,595000,2016,6,,,2500
Wollongong West,2500,595000,2016,6,,,2500
Wollstonecraft,2065,1050000,2016,6,,,2065
Wombarra,2515,595000,2016,6,,,2515
Womerah,2756,635000,2016,6,,,2756
Wondabyne,2256,600000,2016,6,,,2256
Wongawilli,2530,595000,2016,6,,,2530
Woodbine,2560,545000,2016,6,,,2560
Woodcroft,2767,632000,2016,6,,,2767
Woodpark,2164,708000,2016,6,,,2164
Woodrising,2284,491000,2016,6,,,2284
Woollahra,2025,1709000,2016,6,,,2025
Woolloomooloo,2011,930000,2016,6,,,2011
Woolooware,2230,900000,2016,6,,,2230
Woolwich,2110,1780000,2016,6,,,2110
Woongarrah,2259,480000,2016,6,,,2259
Woonona,2517,595000,2016,6,,,2517
Woonona East,2517,595000,2016,6,,,2517
Woronora,2232,900000,2016,6,,,2232
Woronora Dam,2508,595000,2016,6,,,2508
Woronora Heights,2233,900000,2016,6,,,2233
Woy Woy,2256,600000,2016,6,,,2256
Woy Woy Bay,2256,600000,2016,6,,,2256
Wrights Creek,2775,635000,2016,6,,,2775
Wyoming,2250,600000,2016,6,,,2250
Wyong,2259,480000,2016,6,,,2259
Wyong Creek,2259,480000,2016,6,,,2259
Wyongah,2259,480000,2016,6,,,2259
Yagoona,1927,820000,2016,6,,,2199
Yagoona,2199,700000,2016,6,,,2199
Yanderra,2574,680000,2016,6,,,2574
Yarramalong,2259,480000,2016,6,,,2259
Yarramundi,2753,635000,2016,6,,,2753
Yarrawarrah,2233,900000,2016,6,,,2233
Yattalunga,2251,600000,2016,6,,,2251
Yerranderie,2787,680000,2016,6,,,#N/A
Yowie Bay,2228,900000,2016,6,,,2228
Zetland,2017,930000,2016,6,,,2017
