Suburb,Postcode,HouseMedian$,UpdatedYr,UpdateMonth
Albion Park,2527,525000,2016,6
Albion Park Rail,2527,525000,2016,6
Badgerys Creek,2555,695000,2016,6
Barrack Heights,2528,525000,2016,6
Barrack Point,,525000,2016,6
Belimbla Park,2570,680000,2016,6
Belmont,2280,471000,2016,6
Bickley Vale,2570,700000,2016,6
Bilpin,2758,635000,2016,6
Blackbutt,2529,525000,2016,6
Blaxlands Ridge,2758,635000,2016,6
Brownlow Hill,2570,680000,2016,6
Camden,2570,700000,2016,6
Camden Park,2570,680000,2016,6
Camden South,2570,700000,2016,6
Cardiff,2285,471000,2016,6
Carlton,2218,880000,2016,6
Catherine Hill Bay,2281,471000,2016,6
Caves Beach,,471000,2016,6
Cawdor,2570,680000,2016,6
Charlestown,2290,471000,2016,6
Clovelly,2031,1100000,2016,6
Cobbitty,2570,700000,2016,6
Couridjah,2571,680000,2016,6
Croom,2527,525000,2016,6
Dunmore,2529,525000,2016,6
East Kurrajong,2758,635000,2016,6
Elderslie,2570,700000,2016,6
Ellis Lane,2570,700000,2016,6
Fern Bay,2295,449000,2016,6
Flinders,2529,525000,2016,6
Glen Oak,2320,449000,2016,6
Glendale,2285,471000,2016,6
Glenmore,2570,680000,2016,6
Grasmere,2570,700000,2016,6
Hinton,2321,449000,2016,6
Kingsgrove,2208,760000,2016,6
Kirkham,2570,700000,2016,6
Kurrajong,2758,635000,2016,6
Kurrajong Heights,2758,635000,2016,6
Kurrajong Hills,2758,635000,2016,6
Lake Illawarra,2528,525000,2016,6
Leets Vale,2775,1089000,2016,6
Maldon,2571,680000,2016,6
Mount Hunter,2570,680000,2016,6
Mount Hutton,2290,471000,2016,6
Mount Pritchard,2170,700000,2016,6
Mount Warrigal,2528,525000,2016,6
Mountain Lagoon,2758,635000,2016,6
Mowbray Park,2571,680000,2016,6
Mulbring,2323,316000,2016,6
Nattai,2570,680000,2016,6
North Macquarie,2527,525000,2016,6
Oakdale,2570,680000,2016,6
Oran Park,2570,700000,2016,6
Orangeville,2570,680000,2016,6
Picton,2571,680000,2016,6
Prospect,2148,632000,2016,6
Razorback,2571,680000,2016,6
Redhead,2290,471000,2016,6
Riverstone,2765,632000,2016,6
Rose Bay,2029,1200000,2016,6
Rouse Hill,2155,1089000,2016,6
Shell Cove,2529,525000,2016,6
Shellharbour,2529,525000,2016,6
Shellharbour City Centre,2529,525000,2016,6
Spring Farm,2570,700000,2016,6
St Leonards,2065,1050000,2016,6
St Marys,2760,589000,2016,6
Swansea,2281,471000,2016,6
The Devils Wilderness,2758,578000,2016,6
The Oaks,2570,680000,2016,6
Theresa Park,2570,680000,2016,6
Tongarra,2527,525000,2016,6
Toongabbie,2146,708000,2016,6
Toronto,2283,471000,2016,6
Tullimbar,2527,525000,2016,6
Vaucluse,,1200000,2016,6
Vineyard,2765,632000,2016,6
Wallalong,2320,449000,2016,6
Warilla,2528,525000,2016,6
Warners Bay,,471000,2016,6
Werombi,2570,680000,2016,6
Wilton,2571,680000,2016,6
Winston Hills,2153,720000,2016,6
Wisemans Ferry,2775,635000,2016,6
Yallah,2530,595000,2016,6
Agnes Banks,2753,612000,2016,6
Annandale,2038,1127000,2016,6
Baulkham Hills,2153,904500,2016,6
Berambing,2758,606500,2016,6
Butterwick,2321,433000,2016,6
Buxton,2571,629000,2016,6
Calderwood,2527,560000,2016,6
Camperdown,2050,957500,2016,6
Cattai,2756,862000,2016,6
Cecil Park,2178,697500,2016,6
Central Mangrove,2250,540000,2016,6
Chatswood West,2067,1253000,2016,6
Chester Hill,2162,764000,2016,6
Denham Court,2565,620000,2016,6
Duns Creek,2321,433000,2016,6
Holroyd,2142,714000,2016,6
Ingleside,2101,1213000,2016,6
Kemps Creek,2178,642000,2016,6
Kulnura,2250,540000,2016,6
Lane Cove North,2066,1160500,2016,6
Leppington,2179,697500,2016,6
Lidcombe,2141,714000,2016,6
Lower Portland,2756,862000,2016,6
Luddenham,2745,642000,2016,6
Maraylya,2765,862000,2016,6
Mays Hill,2145,714000,2016,6
Narrabeen,2101,1213000,2016,6
Narwee,2209,736500,2016,6
Newtown,2042,957500,2016,6
North Rocks,2151,904500,2016,6
Oak Flats,2529,560000,2016,6
Paddington,2021,1319500,2016,6
Pendle Hill,2145,714000,2016,6
Regents Park,2143,764000,2016,6
Riverwood,2210,736500,2016,6
Rosebery,2018,895500,2016,6
Roseville,2069,1543000,2016,6
Smithfield,2164,704000,2016,6
Sydney Olympic Park,2127,714000,2016,6
Villawood,2163,760000,2016,6
Wallacia,2745,642000,2016,6
Wentworthville,2145,714000,2016,6
Westmead,2145,714000,2016,6
Woodville,2321,433000,2016,6
Yellow Rock,2527,560000,2016,6
Yennora,2161,704000,2016,6
Homebush West,2140,715000,2016,6
Oatley,2223,773000,2016,6
Abbotsbury,2176,700000,2016,6
Abbotsford,2046,1006000,2016,6
Aberdare,2325,316000,2016,6
Aberglasslyn,2320,417000,2016,6
Abermain,2326,316000,2016,6
Acacia Gardens,2763,632000,2016,6
Adamstown,2289,491000,2016,6
Adamstown Heights,2289,491000,2016,6
Airds,2560,545000,2016,6
Akuna Bay,2084,1391000,2016,6
Alexandria,2015,930000,2016,6
Alfords Point,2234,900000,2016,6
Alison,2259,480000,2016,6
Allambie Heights,,1035000,2016,6
Allandale,2320,417000,2016,6
Allawah,2218,880000,2016,6
Ambarvale,2560,545000,2016,6
Anambah,2320,417000,2016,6
Anna Bay,,449000,2016,6
Annangrove,2156,1089000,2016,6
Appin,2560,680000,2016,6
Arcadia Vale,2283,491000,2016,6
Argenton,2284,491000,2016,6
Arncliffe,2205,760000,2016,6
Arndell Park,2148,632000,2016,6
Artarman Industrial Area,,1486000,2016,6
Artarmon,2064,1486000,2016,6
Ashbury,2193,700000,2016,6
Ashcroft,2168,695000,2016,6
Ashfield,2131,825000,2016,6
Ashtonfield,2323,417000,2016,6
Auburn,2144,708000,2016,6
Austinmer,2515,595000,2016,6
Austral,2179,695000,2016,6
Avalon Beach,2107,1391000,2016,6
Avalon North,,1391000,2016,6
Avoca Beach,2251,600000,2016,6
Avondale,2530,595000,2016,6
Awaba,2283,491000,2016,6
Balgowlah,2093,1673000,2016,6
Balgowlah Heights,2093,1673000,2016,6
Balgownie,2519,595000,2016,6
Balickera,,449000,2016,6
Balmain,,1324000,2016,6
Balmain East,,1324000,2016,6
Balmoral,2283,491000,2016,6
Balmoral,2571,578000,2016,6
Bangor,1836,900000,2016,6
Banksia,2216,760000,2016,6
Banksmeadow,,861000,2016,6
Bankstown,1795,820000,2016,6
Bankstown Aerodrome,,820000,2016,6
Bar Beach,2300,491000,2016,6
Bar Point,2083,600000,2016,6
Barangaroo,2000,930000,2016,6
Barden Ridge,2234,900000,2016,6
Bardwell Park,2207,760000,2016,6
Bardwell Valley,2207,760000,2016,6
Bargo,2574,680000,2016,6
Bargo River,2573,680000,2016,6
Barren Grounds,,688000,2016,6
Barrenjoey,,1391000,2016,6
Bass Hill,2197,820000,2016,6
Bateau Bay,,480000,2016,6
Bayview,2104,1391000,2016,6
Beacon Hill,,1035000,2016,6
Beaconsfield,2015,930000,2016,6
Beaumont Hills,2155,1089000,2016,6
Beecroft,2119,720000,2016,6
Belfield,2191,700000,2016,6
Bell,2786,578000,2016,6
Bella Vista,2153,1089000,2016,6
Bellambi,2518,595000,2016,6
Bellbird,2325,316000,2016,6
Bellevue Hill,2023,1709000,2016,6
Belmont North,2280,491000,2016,6
Belmont South,2280,491000,2016,6
Belmore,2192,700000,2016,6
Belrose,2085,1035000,2016,6
Bennetts Green,2290,491000,2016,6
Bensville,2251,600000,2016,6
Berala,2141,708000,2016,6
Berkeley,2506,595000,2016,6
Berkeley Vale,,480000,2016,6
Berkshire Park,2765,589000,2016,6
Berry Park,2321,417000,2016,6
Beverley Park,2217,880000,2016,6
Beverly Hills,2209,773000,2016,6
Bexley,2207,760000,2016,6
Bexley North,2207,760000,2016,6
Bidwill,2770,632000,2016,6
Bilgola Beach,,1391000,2016,6
Bilgola Plateau,2107,1391000,2016,6
Birchgrove,,1324000,2016,6
Birmingham Gardens,2287,491000,2016,6
Birrong,2143,820000,2016,6
Black Springs,2787,578000,2016,6
Blackalls Park,2283,491000,2016,6
Blackett,2770,632000,2016,6
Blackheath,2785,578000,2016,6
Blacksmiths,2281,491000,2016,6
Blacksmiths Beach,,471000,2016,6
Blacktown,1821,632000,2016,6
Blackwall,2256,600000,2016,6
Blair Athol,2560,545000,2016,6
Blairmount,2559,545000,2016,6
Blakehurst,2221,880000,2016,6
Bligh Park,2756,635000,2016,6
Blue Bay,,480000,2016,6
Blue Haven,,480000,2016,6
Boat Harbour,,449000,2016,6
Bobs Farm,,449000,2016,6
Bolton Point,2283,491000,2016,6
Bolwarra,2320,417000,2016,6
Bolwarra Heights,2320,417000,2016,6
Bombo,2533,688000,2016,6
Bondi,2026,1200000,2016,6
Bondi Beach,2026,1200000,2016,6
Bondi Junction,2022,1200000,2016,6
Bondi North,2026,1200000,2016,6
Bonnet Bay,2226,900000,2016,6
Bonnyrigg,2177,700000,2016,6
Bonnyrigg Heights,2177,700000,2016,6
Booker Bay,2257,600000,2016,6
Boolaroo,2284,491000,2016,6
Booragul,2284,491000,2016,6
Bossley Park,2176,700000,2016,6
Botany,2019,861000,2016,6
Botany Bay,,861000,2016,6
Bouddi,2251,600000,2016,6
Bow Bowing,2566,545000,2016,6
Bowen Mountain,2753,635000,2016,6
Box Head,2257,600000,2016,6
Box Hill,2765,1089000,2016,6
Bradbury,2560,545000,2016,6
Brandy Hill,,449000,2016,6
Branxton,2335,316000,2016,6
Breakfast Point,2137,1006000,2016,6
Brighton-Le-Sands,2216,760000,2016,6
Bringelly,2556,695000,2016,6
Broadmeadow,2292,491000,2016,6
Brogers Creek,2535,688000,2016,6
Bronte,2024,1200000,2016,6
Brookvale,2100,1035000,2016,6
Broughton Village,,688000,2016,6
Brownsville,2530,595000,2016,6
Brunkerville,2323,417000,2016,6
Buchanan,2323,417000,2016,6
Bucketty,2250,635000,2016,6
Budderoo,,688000,2016,6
Budgewoi,2262,480000,2016,6
Budgewoi Peninsula,,480000,2016,6
Buff Point,,480000,2016,6
Bulli,2516,595000,2016,6
Bundeena,2230,900000,2016,6
Bungan Beach,,1391000,2016,6
Bungan Head,,1391000,2016,6
Bungarribee,,632000,2016,6
Burraneer,2230,900000,2016,6
Burwood,1814,878000,2016,6
Burwood Heights,2136,878000,2016,6
Busby,2168,695000,2016,6
Buttaba,2283,491000,2016,6
Buttai,2323,417000,2016,6
Cabarita,2137,1006000,2016,6
Cabramatta,2166,700000,2016,6
Cabramatta West,2166,700000,2016,6
Caddens,2747,589000,2016,6
Calga,2250,600000,2016,6
Callaghan,2308,491000,2016,6
Cambridge Gardens,2747,589000,2016,6
Cambridge Park,2747,589000,2016,6
Camellia,2142,720000,2016,6
Cameron Park,2285,491000,2016,6
Cammeray,,1050000,2016,6
Campbelltown,2560,545000,2016,6
Campsie,2194,700000,2016,6
Campvale,,449000,2016,6
Cams Wharf,2281,491000,2016,6
Canada Bay,2046,1006000,2016,6
Canley Heights,2166,700000,2016,6
Canley Vale,2166,700000,2016,6
Canterbury,2193,700000,2016,6
Canton Beach,,480000,2016,6
Cardiff Heights,2285,491000,2016,6
Cardiff South,2285,491000,2016,6
Careel Bay,,1391000,2016,6
Careel Head,,1391000,2016,6
Carey Bay,2283,491000,2016,6
Caringbah,2229,900000,2016,6
Caringbah South,2229,900000,2016,6
Carlingford,2118,720000,2016,6
Carnes Hill,2171,695000,2016,6
Carramar,2163,700000,2016,6
Carrington,2294,491000,2016,6
Carrington Falls,,688000,2016,6
Carss Park,2221,880000,2016,6
Cartwright,2168,695000,2016,6
Castle Cove,1858,1486000,2016,6
Castle Hill,2154,1089000,2016,6
Castlecrag,2068,1486000,2016,6
Castlereagh,2749,589000,2016,6
Casula,2170,695000,2016,6
Cataract Dam,2560,680000,2016,6
Catherine Field,2557,700000,2016,6
Cecil Hills,2171,695000,2016,6
Cedar Brush,,480000,2016,6
Centennial Park,2021,1100000,2016,6
Central Colo,2756,635000,2016,6
Central Macdonald,2775,635000,2016,6
Chain Valley Bay,,480000,2016,6
Charmhaven,2263,480000,2016,6
Chatham Valley,2787,578000,2016,6
Chatswood,1876,1486000,2016,6
Cheero Point,2083,600000,2016,6
Chifley,2036,1100000,2016,6
Chippendale,2008,930000,2016,6
Chipping Norton,2170,695000,2016,6
Chiswick,2046,1006000,2016,6
Chittaway Bay,,480000,2016,6
Chittaway Point,,480000,2016,6
Chullora,2190,820000,2016,6
Church Point,2105,1391000,2016,6
Claremont Meadows,2747,589000,2016,6
Clarence Town,2321,417000,2016,6
Clarendon,,635000,2016,6
Clareville,2107,1391000,2016,6
Clareville Beach,,1391000,2016,6
Claymore,2559,545000,2016,6
Clemton Park,2206,700000,2016,6
Cleveland,2530,595000,2016,6
Cliftleigh,2321,417000,2016,6
Clifton,2515,595000,2016,6
Clontarf,2093,1673000,2016,6
Clyde,2142,720000,2016,6
Coal Point,2283,491000,2016,6
Coalcliff,2508,595000,2016,6
Coasters Retreat,,1391000,2016,6
Cockatoo Island,,1324000,2016,6
Cogra Bay,2083,600000,2016,6
Colebee,2761,632000,2016,6
Coledale,2515,595000,2016,6
Collaroy,2097,1035000,2016,6
Collaroy Plateau,,1035000,2016,6
Colo,2756,635000,2016,6
Colo Heights,2756,635000,2016,6
Colongra,2262,480000,2016,6
Colyton,2760,589000,2016,6
Como,2226,900000,2016,6
Concord,2137,1006000,2016,6
Concord West,2138,1006000,2016,6
Condell Park,2200,820000,2016,6
Coniston,2500,595000,2016,6
Connells Point,2221,880000,2016,6
Constitution Hill,2145,720000,2016,6
Coogee,2034,1100000,2016,6
Cooks Hill,2300,491000,2016,6
Cooranbong,2265,471000,2016,6
Copacabana,2251,600000,2016,6
Cordeaux,2526,595000,2016,6
Cordeaux Heights,2526,595000,2016,6
Corlette,,449000,2016,6
Cornwallis,2756,635000,2016,6
Corrimal,2518,595000,2016,6
Corrimal East,2518,595000,2016,6
Cottage Point,,1035000,2016,6
Cranebrook,2749,589000,2016,6
Cremorne,,1050000,2016,6
Cremorne Point,,1050000,2016,6
Cringila,2502,595000,2016,6
Cromer,2099,1035000,2016,6
Cronulla,2230,900000,2016,6
Croudace Bay,2280,491000,2016,6
Crows Nest,2065,1050000,2016,6
Croydon Park,2133,700000,2016,6
Cumberland Reach,2756,635000,2016,6
Curl Curl,,1035000,2016,6
Curramore,2533,688000,2016,6
Currans Hill,2567,700000,2016,6
Currawong Beach,,1391000,2016,6
Daceyville,,861000,2016,6
Daleys Point,2257,600000,2016,6
Dangar,2309,491000,2016,6
Dapto,2530,595000,2016,6
Dargan,2786,578000,2016,6
Darkes Forest,2508,595000,2016,6
Darling Point,2027,1709000,2016,6
Darlinghurst,2010,930000,2016,6
Darlington,2008,930000,2016,6
Davidson,2085,1035000,2016,6
Davistown,2251,600000,2016,6
Dawes Point,2000,930000,2016,6
Dean Park,2761,632000,2016,6
Dee Why,2099,1035000,2016,6
Denistone,2114,1020000,2016,6
Denistone East,2112,1020000,2016,6
Denistone West,2114,1020000,2016,6
Dharruk,2770,632000,2016,6
Dobroyd Point,,825000,2016,6
Dolans Bay,2229,900000,2016,6
Dolls Point,2219,760000,2016,6
Dombarton,2526,595000,2016,6
Doonside,2767,632000,2016,6
Dooralong,2259,480000,2016,6
Double Bay,2028,1709000,2016,6
Douglas Park,2569,680000,2016,6
Dover Heights,2030,1200000,2016,6
Doyalson,2262,480000,2016,6
Drummoyne,2047,1006000,2016,6
Duckenfield,2321,417000,2016,6
Duckmaloi,2787,578000,2016,6
Dudley,2290,491000,2016,6
Duffys Forest,,1035000,2016,6
Dulwich Hill,,985000,2016,6
Dundas,2117,720000,2016,6
Dundas Valley,,720000,2016,6
Dural,2158,1089000,2016,6
Eagle Vale,2558,545000,2016,6
Eagleton,,449000,2016,6
Earlwood,2206,700000,2016,6
East Corrimal,2518,595000,2016,6
East Gordon,,1600000,2016,6
East Gosford,2250,600000,2016,6
East Hills,2213,820000,2016,6
East Killara,2071,1600000,2016,6
East Lindfield,2070,1600000,2016,6
East Maitland,2323,417000,2016,6
East Roseville,2069,1600000,2016,6
East Ryde,2113,1020000,2016,6
East Seaham,,449000,2016,6
East Willoughby,2068,1486000,2016,6
Eastern Creek,2766,632000,2016,6
Eastgardens,,861000,2016,6
Eastlakes,,861000,2016,6
Eastwood,2122,720000,2016,6
Ebenezer,2756,635000,2016,6
Edensor Park,2176,700000,2016,6
Edgecliff,2027,1709000,2016,6
Edgeworth,2285,491000,2016,6
Edith,2787,578000,2016,6
Edmondson Park,2174,695000,2016,6
Elanora Heights,,1391000,2016,6
Eleebana,2282,491000,2016,6
Elermore Vale,2287,491000,2016,6
Elizabeth Bay,2011,930000,2016,6
Ellalong,2325,316000,2016,6
Elvina Bay,,1391000,2016,6
Emerton,2770,632000,2016,6
Empire Bay,2257,600000,2016,6
Emu Heights,2750,589000,2016,6
Emu Plains,2750,589000,2016,6
Enfield,2136,878000,2016,6
Enfield South,2133,878000,2016,6
Engadine,2233,900000,2016,6
Englorie Park,2560,545000,2016,6
Enmore,2042,985000,2016,6
Epping,2121,720000,2016,6
Erina,2250,600000,2016,6
Erina Heights,2260,600000,2016,6
Ermington,2115,720000,2016,6
Erskine Park,2759,589000,2016,6
Erskineville,2043,930000,2016,6
Eschol Park,2558,545000,2016,6
Ettalong Beach,2257,600000,2016,6
Eveleigh,2015,930000,2016,6
Fairfield,1807,708000,2016,6
Fairfield,2165,700000,2016,6
Fairfield East,2165,700000,2016,6
Fairfield Heights,2165,700000,2016,6
Fairfield West,2165,700000,2016,6
Fairlight,2094,1673000,2016,6
Fairy Meadow,2519,595000,2016,6
Farley,2320,417000,2016,6
Farmborough Heights,2526,595000,2016,6
Fassifern,2283,491000,2016,6
Fennell Bay,2283,491000,2016,6
Fernances,2775,635000,2016,6
Fernhill,2519,595000,2016,6
Ferodale,,449000,2016,6
Figtree,2525,595000,2016,6
Fingal Bay,,449000,2016,6
Fishermans Bay,,449000,2016,6
Fishing Point,2283,491000,2016,6
Five Dock,2046,1006000,2016,6
Flemington,2140,715000,2016,6
Fletcher,2287,491000,2016,6
Floraville,2280,491000,2016,6
Foleys Hill,,1391000,2016,6
Forest Lodge,2037,930000,2016,6
Forestville,1856,1035000,2016,6
Forresters Beach,2260,600000,2016,6
Fountaindale,2258,480000,2016,6
Fox Valley,,1600000,2016,6
Foxground,2534,688000,2016,6
Freemans Reach,2756,635000,2016,6
Freemans Waterhole,2323,417000,2016,6
Frenchs Forest,2086,1035000,2016,6
Freshwater,2096,1035000,2016,6
Fullerton Cove,,449000,2016,6
Galston,2159,1089000,2016,6
Garden Suburb,2289,491000,2016,6
Gateshead,2290,491000,2016,6
Georges Hall,1924,820000,2016,6
Georges Hall,2198,700000,2016,6
Georgetown,2298,491000,2016,6
Gerringong,2534,688000,2016,6
Gerroa,2534,688000,2016,6
Gilead,2560,545000,2016,6
Gillieston Heights,2321,417000,2016,6
Gingkin,2787,578000,2016,6
Girraween,2145,708000,2016,6
Gladesville,2111,1780000,2016,6
Glebe,2037,930000,2016,6
Gledswood Hills,2557,700000,2016,6
Glen Alpine,2560,545000,2016,6
Glen Martin,2321,417000,2016,6
Glen William,2321,417000,2016,6
Glendenning,2761,632000,2016,6
Glenfield,2167,545000,2016,6
Glenhaven,2156,1089000,2016,6
Glenmore Park,2745,589000,2016,6
Glenning Valley,,480000,2016,6
Glenorie,2157,1089000,2016,6
Glenwood,2768,632000,2016,6
Glenworth Valley,2250,600000,2016,6
Glossodia,2756,635000,2016,6
Gordon,2072,1600000,2016,6
Gore Hill,2065,1486000,2016,6
Gorokan,2263,480000,2016,6
Gosford,2250,600000,2016,6
Gosforth,2320,417000,2016,6
Granville,1855,708000,2016,6
Granville,2142,720000,2016,6
Grays Point,2232,900000,2016,6
Great Mackerel Beach,,1391000,2016,6
Green Hills,2323,417000,2016,6
Green Point,2251,600000,2016,6
Green Valley,2168,695000,2016,6
Greenacre,2190,820000,2016,6
Greendale,2745,695000,2016,6
Greenfield Park,2176,700000,2016,6
Greengrove,2250,600000,2016,6
Greenhills Beach,,900000,2016,6
Greenwich,,835000,2016,6
Gregory Hills,2557,700000,2016,6
Greta,2334,316000,2016,6
Greystanes,1791,708000,2016,6
Grose Vale,2753,635000,2016,6
Grose Wold,2753,635000,2016,6
Guildford,1817,708000,2016,6
Guildford West,2161,708000,2016,6
Gunderman,2775,600000,2016,6
Gurnang,2787,578000,2016,6
Gwandalan,2259,480000,2016,6
Gwynneville,2500,595000,2016,6
Gymea,2227,900000,2016,6
Gymea Bay,,900000,2016,6
Haberfield,,825000,2016,6
Halekulani,2262,480000,2016,6
Hamilton,2303,491000,2016,6
Hamilton East,2303,491000,2016,6
Hamilton North,2292,491000,2016,6
Hamilton South,2303,491000,2016,6
Hamlyn Terrace,,480000,2016,6
Hammondville,2170,695000,2016,6
Hardys Bay,2257,600000,2016,6
Harpers Hill,2321,417000,2016,6
Harrington Park,2567,700000,2016,6
Harris Park,2150,720000,2016,6
Hassall Grove,2761,632000,2016,6
Haymarket,2000,930000,2016,6
Haywards Bay,2530,595000,2016,6
Hazelgrove,2787,578000,2016,6
Heathcote,2233,900000,2016,6
Heatherbrae,,449000,2016,6
Hebersham,2770,632000,2016,6
Heckenberg,2168,695000,2016,6
Heddon Greta,2321,417000,2016,6
Helensburgh,2508,595000,2016,6
Henley,,1780000,2016,6
Higher Macdonald,2775,635000,2016,6
Highfields,2289,491000,2016,6
Hillsborough,2290,491000,2016,6
Hillsborough,2320,417000,2016,6
Hillsdale,,861000,2016,6
Hinchinbrook,2168,695000,2016,6
Hobartville,2753,635000,2016,6
Holgate,2250,600000,2016,6
Holmesville,2286,491000,2016,6
Holsworthy,2173,695000,2016,6
Homebush,2140,715000,2016,6
Homebush West,2140,708000,2016,6
Horningsea Park,2171,695000,2016,6
Hornsby,2077,1070000,2016,6
Horseshoe Bend,2320,417000,2016,6
Horsfield Bay,2256,600000,2016,6
Horsley,2530,595000,2016,6
Horsley Park,2175,700000,2016,6
Hoxton Park,2171,695000,2016,6
Hunters Hill,,1780000,2016,6
Huntingwood,2148,632000,2016,6
Huntley,2530,595000,2016,6
Huntleys Cove,,1780000,2016,6
Huntleys Point,,1780000,2016,6
Hurlstone Park,2193,700000,2016,6
Hurstville,2220,773000,2016,6
Hurstville Grove,2220,880000,2016,6
Illawong,2234,900000,2016,6
Ingleburn,2565,545000,2016,6
Ingleside Heights,,1391000,2016,6
Islington,2296,491000,2016,6
Jamberoo,2533,688000,2016,6
Jamisontown,2750,589000,2016,6
Jannali,,900000,2016,6
Jaunter,2787,578000,2016,6
Jerrara,2533,688000,2016,6
Jesmond,2299,491000,2016,6
Jewells,2280,491000,2016,6
Jilliby,2259,480000,2016,6
Jordan Springs,2747,589000,2016,6
Kahibah,2290,491000,2016,6
Kanahooka,2530,595000,2016,6
Kanangra,2787,578000,2016,6
Kangy Angy,,480000,2016,6
Kanwal,2259,480000,2016,6
Kareela,2232,900000,2016,6
Kariong,2250,600000,2016,6
Karuah,,449000,2016,6
Kearns,2558,545000,2016,6
Kearsley,,316000,2016,6
Keinbah,2320,417000,2016,6
Keiraville,2500,595000,2016,6
Kellyville,2155,1089000,2016,6
Kellyville Ridge,2155,632000,2016,6
Kembla Grange,2526,595000,2016,6
Kembla Heights,2526,595000,2016,6
Kemblawarra,2505,595000,2016,6
Kensington,2033,1100000,2016,6
Kenthurst,2156,1089000,2016,6
Kentlyn,2560,545000,2016,6
Kiama,2533,688000,2016,6
Kiama Downs,2533,688000,2016,6
Kiama Heights,,688000,2016,6
Kilaben Bay,2283,491000,2016,6
Killara,2071,1600000,2016,6
Killarney Heights,,1035000,2016,6
Killarney Vale,,480000,2016,6
Killcare,2257,600000,2016,6
Killcare Heights,2257,600000,2016,6
Kincumber,2251,600000,2016,6
Kincumber South,2251,600000,2016,6
Kings Langley,2147,632000,2016,6
Kings Park,,632000,2016,6
Kingsford,2032,1100000,2016,6
Kingswood,2747,589000,2016,6
Kirrawee,2232,900000,2016,6
Kirribilli,,1050000,2016,6
Kitchener,2325,316000,2016,6
Knights Hill,,688000,2016,6
Kogarah,2217,880000,2016,6
Kogarah Bay,2217,880000,2016,6
Koolewong,2256,600000,2016,6
Koonawarra,2530,595000,2016,6
Kooragang,2304,491000,2016,6
Kotara,2289,491000,2016,6
Kotara East,2305,491000,2016,6
Kotara South,2289,491000,2016,6
Kurmond,2757,635000,2016,6
Kurnell,2231,900000,2016,6
Kurraba Point,,1050000,2016,6
Kurri Kurri,2327,316000,2016,6
Kyeemagh,2216,760000,2016,6
Kyle Bay,2221,880000,2016,6
La Perouse,2036,1100000,2016,6
Lake Haven,,480000,2016,6
Lake Heights,2502,595000,2016,6
Lake Munmorah,,480000,2016,6
Lakelands,2282,491000,2016,6
Lakemba,2195,700000,2016,6
Lakesland,2572,680000,2016,6
Lalor Park,2147,632000,2016,6
Lambton,2299,491000,2016,6
Lane Cove,2066,835000,2016,6
Lane Cove West,,835000,2016,6
Lansdowne,2163,820000,2016,6
Lansvale,2166,700000,2016,6
Largs,2320,417000,2016,6
Lavender Bay,,1050000,2016,6
Leichhardt,,1324000,2016,6
Leightonfield,2163,820000,2016,6
Lemon Tree,,480000,2016,6
Lemon Tree Passage,,449000,2016,6
Leonay,2750,589000,2016,6
Lethbridge Park,2770,632000,2016,6
Leumeah,2560,545000,2016,6
Lewisham,,985000,2016,6
Liberty Grove,2138,1006000,2016,6
Lilli Pilli,2229,900000,2016,6
Lilyfield,,1324000,2016,6
Lilyvale,2508,595000,2016,6
Lindfield,2070,1600000,2016,6
Linley Point,,835000,2016,6
Linns Hill,2570,680000,2016,6
Lisarow,2250,600000,2016,6
Little Bay,2036,1100000,2016,6
Little Jilliby,2259,480000,2016,6
Little Pelican,2281,491000,2016,6
Little Wobby,2256,600000,2016,6
Liverpool,2170,695000,2016,6
Llandilo,2747,589000,2016,6
Lochinvar,2321,417000,2016,6
Loftus,2232,900000,2016,6
Londonderry,2753,589000,2016,6
Long Jetty,2261,480000,2016,6
Long Point,2564,545000,2016,6
Longueville,,835000,2016,6
Loquat Valley,,1391000,2016,6
Lorn,2320,417000,2016,6
Louth Park,2320,417000,2016,6
Lovett Bay,,1391000,2016,6
Lower Macdonald,2775,635000,2016,6
Lower Mangrove,2250,600000,2016,6
Lucas Heights,,900000,2016,6
Lugarno,2210,773000,2016,6
Lurnea,2170,695000,2016,6
Luskintyre,2321,417000,2016,6
Macarthur Heights,,545000,2016,6
MacMasters Beach,,600000,2016,6
Macquarie Fields,2564,545000,2016,6
Macquarie Hills,2285,491000,2016,6
Macquarie Links,2565,545000,2016,6
Macquarie Park,2113,1020000,2016,6
Macquarie Pass,,525000,2016,6
Macquarie University campus,,1020000,2016,6
Maddens Plains,2508,595000,2016,6
Magenta,2261,480000,2016,6
Maianbar,2230,900000,2016,6
Maitland,2320,417000,2016,6
Maitland Bar,2850,417000,2016,6
Maitland North,2320,417000,2016,6
Maitland Vale,2320,417000,2016,6
Malabar,2036,1100000,2016,6
Mallabula,,449000,2016,6
Manahan,2200,820000,2016,6
Mangerton,2500,595000,2016,6
Mangrove Creek,,600000,2016,6
Mangrove Mountain,,600000,2016,6
Manly,2095,1673000,2016,6
Manly Vale,2093,1035000,2016,6
Mannering Park,2259,480000,2016,6
Marayong,2148,632000,2016,6
Mardi,2259,480000,2016,6
Marks Point,2280,491000,2016,6
Marlow,2775,600000,2016,6
Marmong Point,2284,491000,2016,6
Maroota,2756,1089000,2016,6
Maroubra,2035,1100000,2016,6
Maroubra Junction,,1100000,2016,6
Marrickville,2204,985000,2016,6
Marsden Park,2765,632000,2016,6
Marsfield,2122,1020000,2016,6
Marshall Mount,2530,595000,2016,6
Maryland,2287,491000,2016,6
Maryville,2293,491000,2016,6
Mascot,2020,861000,2016,6
Matcham,2250,600000,2016,6
Matraville,2036,1100000,2016,6
Mayfield,2304,491000,2016,6
Mayfield,2787,578000,2016,6
Mayfield East,2304,491000,2016,6
Mayfield North,2304,491000,2016,6
Mayfield West,2304,491000,2016,6
McCarrs Creek,,1391000,2016,6
Mcgraths Hill,2756,635000,2016,6
McMahons Point,2060,1050000,2016,6
Meadowbank,2114,1020000,2016,6
Medowie,,449000,2016,6
Megalong,2785,578000,2016,6
Mellong,,635000,2016,6
Melrose Park,2114,1020000,2016,6
Melville,2320,417000,2016,6
Menai,2234,900000,2016,6
Menangle,2568,680000,2016,6
Menangle Park,2563,545000,2016,6
Merewether,2291,491000,2016,6
Merewether Heights,2291,491000,2016,6
Merrylands,1855,708000,2016,6
Merrylands,2160,720000,2016,6
Merrylands West,2160,708000,2016,6
Metford,2323,417000,2016,6
Middle Camp,2281,491000,2016,6
Middle Cove,2068,1486000,2016,6
Middle Dural,2158,1089000,2016,6
Middleton Grange,2171,695000,2016,6
Miller,2168,695000,2016,6
Millers Point,2000,930000,2016,6
Millfield,2325,316000,2016,6
Milperra,2214,820000,2016,6
Milsons Point,2061,1050000,2016,6
Minchinbury,2770,632000,2016,6
Mindaribba,2320,417000,2016,6
Minmi,2287,491000,2016,6
Minnamurra,2533,688000,2016,6
Minto,2566,545000,2016,6
Minto Heights,2566,545000,2016,6
Miranda,2228,900000,2016,6
Mogo Creek,,635000,2016,6
Mona Vale,2103,1391000,2016,6
Monterey,2217,760000,2016,6
Mooney Mooney,,600000,2016,6
Mooney Mooney Creek,,600000,2016,6
Moore Park,2021,930000,2016,6
Moorebank,2170,695000,2016,6
Morisset,2264,471000,2016,6
Morning Bay,,1391000,2016,6
Morpeth,2321,417000,2016,6
Mortdale,2223,773000,2016,6
Mortlake,2137,1006000,2016,6
Mosman,2088,1490000,2016,6
Mount Annan,2567,700000,2016,6
Mount Dee,2320,417000,2016,6
Mount Druitt,2770,632000,2016,6
Mount Elliot,,600000,2016,6
Mount Irvine,2786,578000,2016,6
Mount Keira,2500,595000,2016,6
Mount Kembla,2526,595000,2016,6
Mount Lewis,2190,820000,2016,6
Mount Olive,2787,578000,2016,6
Mount Ousley,2519,595000,2016,6
Mount Pleasant,2519,595000,2016,6
Mount Saint Thomas,2500,595000,2016,6
Mount Tomah,2758,578000,2016,6
Mount Vernon,2178,589000,2016,6
Mount Victoria,2786,578000,2016,6
Mount Vincent,2323,417000,2016,6
Mount Werong,2787,578000,2016,6
Mount White,,600000,2016,6
Mount Wilson,2786,578000,2016,6
Mozart,2787,578000,2016,6
Mulgoa,2745,589000,2016,6
Mulgrav,2756,635000,2016,6
Murrays Beach,2281,491000,2016,6
Narara,2250,600000,2016,6
Narellan,2567,700000,2016,6
Narellan Vale,2567,700000,2016,6
Naremburn,2065,1486000,2016,6
Narraweena,2099,1035000,2016,6
Nattai River,2570,680000,2016,6
Neath,,316000,2016,6
Nelson,2765,1089000,2016,6
Nelson Bay,,449000,2016,6
Nelsons Plains,,449000,2016,6
Neutral Bay,2089,1050000,2016,6
New Lambton,2305,491000,2016,6
New Lambton Heights,2305,491000,2016,6
Newcastle,2300,491000,2016,6
Newcastle East,2300,491000,2016,6
Newcastle University,2308,491000,2016,6
Newcastle West,2302,491000,2016,6
Newington,2127,720000,2016,6
Newport,2106,1391000,2016,6
Niagara Park,,600000,2016,6
Norah Head,,480000,2016,6
Noraville,2263,480000,2016,6
Nords Wharf,2281,491000,2016,6
North Avoca,,600000,2016,6
North Balgowlah,,1035000,2016,6
North Curl Curl,,1035000,2016,6
North Gosford,,600000,2016,6
North Kellyville,2155,1089000,2016,6
North Lambton,2299,491000,2016,6
North Manly,,1035000,2016,6
North Narrabeen,2101,1391000,2016,6
North Parramatta,2151,720000,2016,6
North Richmond,2754,635000,2016,6
North Ryde,2113,1020000,2016,6
North St Ives,,1600000,2016,6
North St Marys,2760,589000,2016,6
North Strathfield,2137,1006000,2016,6
North Sydney,2060,1050000,2016,6
North Turramurra,2074,1600000,2016,6
North Wahroonga,2076,1600000,2016,6
North Willoughby,2068,1486000,2016,6
North Wollongong,2500,595000,2016,6
Northbridge,2063,1486000,2016,6
Northmead,2152,720000,2016,6
Northwood,,835000,2016,6
Norway,2787,578000,2016,6
Oakhampton,2320,417000,2016,6
Oakhampton Heights,2320,417000,2016,6
Oakhurst,2761,632000,2016,6
Oakville,2765,635000,2016,6
Oatlands,2117,720000,2016,6
Oberon,2787,578000,2016,6
Old Guildford,2161,700000,2016,6
Old Toongabbie,2146,720000,2016,6
One Mile,,449000,2016,6
One Tree Point,2211,820000,2016,6
Orchard Hills,2748,589000,2016,6
Osterley,,449000,2016,6
Oswald,2321,417000,2016,6
Otford,2508,595000,2016,6
Ourimbah,2258,480000,2016,6
Oxford Falls,,1035000,2016,6
Oxley Park,2760,589000,2016,6
Oyster Bay,2225,900000,2016,6
Padstow Heights,2211,820000,2016,6
Padstow,2211,820000,2016,6
Pagewood,2035,861000,2016,6
Palm Beach,,1391000,2016,6
Palm Grove,2258,480000,2016,6
Palmdale,2258,480000,2016,6
Panania,2213,820000,2016,6
Paradise Beach,,1391000,2016,6
Parklea,2768,632000,2016,6
Parramatta,2150,720000,2016,6
Patonga,2256,600000,2016,6
Paxton,,316000,2016,6
Peakhurst,2210,773000,2016,6
Peakhurst Heights,2210,773000,2016,6
Pearl Beach,,600000,2016,6
Peats Ridge,,600000,2016,6
Pelaw Main,2327,316000,2016,6
Pelican,2281,491000,2016,6
Pemulwuy,2145,708000,2016,6
Penrith,2750,589000,2016,6
Penrose,2530,595000,2016,6
Penshurst,2222,773000,2016,6
Perrys Crossing,,635000,2016,6
Petersham,,985000,2016,6
Pheasants Nest,2574,680000,2016,6
Phegans Bay,,600000,2016,6
Phillip Bay,2036,1100000,2016,6
Phoenix Park,2321,417000,2016,6
Picketts Valley,,600000,2016,6
Picnic Point,2213,820000,2016,6
Pinny Beach,2281,491000,2016,6
Pitnacree,2323,417000,2016,6
Pitt Town,2756,635000,2016,6
Pitt Town Bottoms,2756,635000,2016,6
Pleasure Point,2172,695000,2016,6
Plumpton,2761,632000,2016,6
Point Clare,,600000,2016,6
Point Frederick,,600000,2016,6
Point Piper,2027,1709000,2016,6
Pokolbin,2320,417000,2016,6
Port Botany,2036,1100000,2016,6
Port Hacking,2229,900000,2016,6
Port Kembla,2505,595000,2016,6
Port Stephens,,449000,2016,6
Porters Retreat,2787,578000,2016,6
Portland,2847,578000,2016,6
Potts Hill,2143,820000,2016,6
Potts Point,2011,930000,2016,6
Prairiewood,2176,700000,2016,6
Prestons,2170,695000,2016,6
Pretty Beach,,600000,2016,6
Primbee,2502,595000,2016,6
Punchbowl,2196,820000,2016,6
Putney,2112,1020000,2016,6
Putty,,635000,2016,6
Pymble,2073,1600000,2016,6
Pyrmont,2009,930000,2016,6
Quakers Hill,2763,632000,2016,6
Queens Park,2022,1200000,2016,6
Queenscliff,2096,1035000,2016,6
Raby,2566,545000,2016,6
Ramsgate,2217,760000,2016,6
Ramsgate Beach,2217,760000,2016,6
Randwick,2031,1100000,2016,6
Rankin Park,2287,491000,2016,6
Rathmines,2283,491000,2016,6
Ravensdale,2259,480000,2016,6
Raworth,2321,417000,2016,6
Raymond Terrace,,449000,2016,6
Redfern,2016,930000,2016,6
Regentville,2745,589000,2016,6
Reidtown,2519,595000,2016,6
Revesby,2212,820000,2016,6
Revesby Heights,2212,820000,2016,6
Rhodes,2138,1006000,2016,6
Richmond,2753,635000,2016,6
Richmond Lowlands,2753,635000,2016,6
Richmond Vale,2323,417000,2016,6
Riverview,,835000,2016,6
Rockdale,2216,760000,2016,6
Rocky Point,2259,480000,2016,6
Rodd Point,2046,1006000,2016,6
Rookwood,2141,708000,2016,6
Rooty Hill,2766,632000,2016,6
Ropes Crossing,2760,632000,2016,6
Rose Valley,,688000,2016,6
Rosebrook,2320,417000,2016,6
Rosehill,2142,720000,2016,6
Roselands,2196,700000,2016,6
Rosemeadow,2560,545000,2016,6
Roseville Chase,2069,1600000,2016,6
Rossmore,2557,695000,2016,6
Rothbury,2320,417000,2016,6
Rozelle,,1324000,2016,6
Ruse,2560,545000,2016,6
Rushcutters Bay,2011,930000,2016,6
Russell Lea,2046,1006000,2016,6
Russell Vale,2517,595000,2016,6
Rutherford,2320,417000,2016,6
Rydalmere,2116,720000,2016,6
Ryde,2112,1020000,2016,6
Ryhope,2283,491000,2016,6
Sackville,2756,635000,2016,6
Sackville North,2756,1089000,2016,6
Saddleback Mountain,,688000,2016,6
Sadleir,2168,695000,2016,6
Salamander Bay,,449000,2016,6
Salt Ash,,449000,2016,6
Salt Pan Cove,,1391000,2016,6
San Remo,2262,480000,2016,6
Sand Point,,1391000,2016,6
Sandgate,2304,491000,2016,6
Sandringham,2219,760000,2016,6
Sandy Point,,900000,2016,6
Sans Souci,2219,880000,2016,6
Saratoga,2251,600000,2016,6
Scarborough,2515,595000,2016,6
Scheyville,2756,635000,2016,6
Schofields,2762,632000,2016,6
Scotland Island,,1391000,2016,6
Scotts Hill,2570,680000,2016,6
Seaforth,2092,1673000,2016,6
Seaham,,449000,2016,6
Seahampton,2286,491000,2016,6
Sefton,2162,820000,2016,6
Seven Hills,2147,632000,2016,6
Shalvey,2770,632000,2016,6
Shanes Park,2747,632000,2016,6
Shelly Beach,2261,480000,2016,6
Shoal Bay,2315,491000,2016,6
Shooters Hill,2787,578000,2016,6
Shortland,2307,491000,2016,6
Silverdale,2752,680000,2016,6
Silverwater,2128,720000,2016,6
Smeaton Grange,2567,700000,2016,6
Soldiers Point,,449000,2016,6
Somersby,2250,600000,2016,6
South Coogee,2034,1100000,2016,6
South Granville,2142,708000,2016,6
South Hurstville,2221,880000,2016,6
South Maitland,2320,417000,2016,6
South Maroota,2756,1089000,2016,6
South Penrith,2750,589000,2016,6
South Turramurra,2074,1600000,2016,6
South Warriewood,,1391000,2016,6
South Wentworthville,2145,708000,2016,6
South Windsor,2756,635000,2016,6
Speers Point,2284,491000,2016,6
Spencer,2775,600000,2016,6
Spring Hill,2500,595000,2016,6
Springfield,2250,600000,2016,6
St Albans,2775,635000,2016,6
St Andrews,2566,545000,2016,6
St Clair,2759,589000,2016,6
St Helens Park,2560,545000,2016,6
St Huberts Island,,600000,2016,6
St Ives,2075,1600000,2016,6
St Ives Chase,2075,1600000,2016,6
St Johns Park,2176,700000,2016,6
St Peters,,985000,2016,6
Stanhope Gardens,2768,632000,2016,6
Stanmore,,985000,2016,6
Stanwell Park,2508,595000,2016,6
Stanwell Tops,2508,595000,2016,6
Stockton,2295,491000,2016,6
Stokes Point,,1391000,2016,6
Strathfield,2135,715000,2016,6
Strathfield South,2135,715000,2016,6
Summer Hill,2287,491000,2016,6
Summer Hill,2130,825000,2016,6
Summerland Point,,480000,2016,6
Surry Hills,2010,930000,2016,6
Sutherland,2232,900000,2016,6
Swan Bay,,449000,2016,6
Swansea Heads,2281,491000,2016,6
Sydenham,,985000,2016,6
Sydney,2000,930000,2016,6
Sydney Airport,,760000,2016,6
Sylvania,2224,900000,2016,6
Sylvania Waters,,900000,2016,6
Tacoma,2259,480000,2016,6
Tacoma South,2259,480000,2016,6
Tahmoor,2573,680000,2016,6
Tamarama,2026,1200000,2016,6
Tanilba Bay,,449000,2016,6
Tarana,2787,578000,2016,6
Taren Point,2229,900000,2016,6
Tarrawanna,2518,595000,2016,6
Tascott,2250,600000,2016,6
Taylors Beach,,449000,2016,6
Taylors Point,,1391000,2016,6
Telarah,2320,417000,2016,6
Telopea,2117,720000,2016,6
Tempe,,985000,2016,6
Ten Mile Hollow,,635000,2016,6
Tenambit,2323,417000,2016,6
Tennyson,2754,635000,2016,6
Tennyson Point,2111,1020000,2016,6
Teralba,2284,491000,2016,6
Terrey Hills,,1035000,2016,6
Terrigal,2260,600000,2016,6
The Basin,,1391000,2016,6
The Entrance,2261,480000,2016,6
The Entrance North,2261,480000,2016,6
The Hill,2300,491000,2016,6
The Junction,2291,491000,2016,6
The Meadows,2787,578000,2016,6
The Peaks,2787,680000,2016,6
The Ponds,2769,632000,2016,6
The Rocks,2000,930000,2016,6
The Slopes,2754,635000,2016,6
Thirlmere,2572,680000,2016,6
Thirroul,2515,595000,2016,6
Tighes Hill,2297,491000,2016,6
Tilligerry Creek,,449000,2016,6
Tingira Heights,2290,491000,2016,6
Tomago,,449000,2016,6
Toolijooa,2534,688000,2016,6
Toowoon Bay,,480000,2016,6
Top Ryde,2112,1020000,2016,6
Toukley,2263,480000,2016,6
Towlers Bay,,1391000,2016,6
Towradgi,2518,595000,2016,6
Tregear,2770,632000,2016,6
Tuggerah,2259,480000,2016,6
Tuggerawong,2259,480000,2016,6
Tumbi Umbi,,480000,2016,6
Tumbledown Dick,,1391000,2016,6
Turimetta,,1391000,2016,6
Turramurra,2074,1600000,2016,6
Turrella,2205,760000,2016,6
Ultimo,2007,930000,2016,6
Umina,2257,600000,2016,6
Unanderra,2526,595000,2016,6
University Of Wollongong,2522,595000,2016,6
Upper Colo,2756,635000,2016,6
Upper Kangaroo Valley,,688000,2016,6
Upper Macdonald,2775,635000,2016,6
Upper Mangrove,,600000,2016,6
Valentine,2280,491000,2016,6
Varroville,2566,545000,2016,6
Voyager Point,2172,695000,2016,6
Wadalba,2259,480000,2016,6
Wagstaffe,2257,600000,2016,6
Wahroonga,2076,1600000,2016,6
Wakeley,2176,700000,2016,6
Wallacia Heights,2745,680000,2016,6
Wallarah,2259,480000,2016,6
Wallerawang,2845,578000,2016,6
Wallsend,2287,491000,2016,6
Wallsend South,2287,491000,2016,6
Wamberal,2260,600000,2016,6
Warabrook,2304,491000,2016,6
Waratah,2298,491000,2016,6
Waratah West,2298,491000,2016,6
Wareemba,2046,1006000,2016,6
Warnervale,2259,480000,2016,6
Warragamba,2752,680000,2016,6
Warrawee,2074,1600000,2016,6
Warrawong,2502,595000,2016,6
Warriewood,2102,1391000,2016,6
Warriewood Beach,,1391000,2016,6
Warwick Farm,2170,695000,2016,6
Watanobbi,2259,480000,2016,6
Waterfall,2233,900000,2016,6
Waterloo,2017,930000,2016,6
Watsons Bay,2030,1709000,2016,6
Wattle Grove,2173,695000,2016,6
Waverley,2024,1200000,2016,6
Waverton,2060,1050000,2016,6
Webbs Creek,2775,635000,2016,6
Wedderburn,2560,545000,2016,6
Wendoree Park,,600000,2016,6
Wentworth Point,2127,720000,2016,6
Werombi Road,2570,680000,2016,6
Werri Beach,,688000,2016,6
Werrington,2747,589000,2016,6
Werrington County,2747,589000,2016,6
Werrington Downs,2747,589000,2016,6
West Gosford,,600000,2016,6
West Hoxton,2171,695000,2016,6
West Killara,,1600000,2016,6
West Lindfield,,1600000,2016,6
West Pennant Hills,2125,1089000,2016,6
West Pymble,2073,1600000,2016,6
West Ryde,2114,1020000,2016,6
West Wallsend,2286,491000,2016,6
West Wollongong,2500,595000,2016,6
Weston,2326,316000,2016,6
Wetherill Park,2164,700000,2016,6
Whalan,2770,632000,2016,6
Whale Beach,,1391000,2016,6
Wheeler Heights,,1035000,2016,6
Wheeny Creek,2758,578000,2016,6
Wheeny Creek,2765,635000,2016,6
Whitebridge,2290,491000,2016,6
Wickham,2293,491000,2016,6
Wilberforce,2756,635000,2016,6
Wiley Park,2195,700000,2016,6
Williamtown,,449000,2016,6
Willmot,2770,632000,2016,6
Willoughby,2068,1486000,2016,6
Willow Vale,,688000,2016,6
Windale,2306,491000,2016,6
Windang,2528,595000,2016,6
Windella,2320,417000,2016,6
Windsor,2756,635000,2016,6
Windsor Downs,2756,635000,2016,6
Wolli Creek,2205,760000,2016,6
Wollombi,2325,316000,2016,6
Wollongong,2500,595000,2016,6
Wollongong,2520,595000,2016,6
Wollongong West,2500,595000,2016,6
Wollstonecraft,2065,1050000,2016,6
Wombarra,2515,595000,2016,6
Womerah,,635000,2016,6
Wondabyne,2256,600000,2016,6
Wongawilli,2530,595000,2016,6
Woodbine,2560,545000,2016,6
Woodcroft,2767,632000,2016,6
Woodpark,2164,708000,2016,6
Woodrising,2284,491000,2016,6
Woollahra,2025,1709000,2016,6
Woolloomooloo,2011,930000,2016,6
Woolooware,2230,900000,2016,6
Woolwich,,1780000,2016,6
Woongarrah,2259,480000,2016,6
Woonona,2517,595000,2016,6
Woonona East,2517,595000,2016,6
Woronora,2232,900000,2016,6
Woronora Dam,2508,595000,2016,6
Woronora Heights,,900000,2016,6
Woy Woy,,600000,2016,6
Woy Woy Bay,,600000,2016,6
Wrights Creek,2775,635000,2016,6
Wyoming,2250,600000,2016,6
Wyong,2259,480000,2016,6
Wyong Creek,,480000,2016,6
Wyongah,2259,480000,2016,6
Yagoona,1927,820000,2016,6
Yagoona,2199,700000,2016,6
Yanderra,2574,680000,2016,6
Yarramalong,2259,480000,2016,6
Yarramundi,2753,635000,2016,6
Yarrawarrah,2233,900000,2016,6
Yattalunga,2251,600000,2016,6
Yerranderie,2787,680000,2016,6
Yowie Bay,2228,900000,2016,6
Zetland,2017,930000,2016,6
